2026-06-28 06:51:28.113 [info] Reading sessions from keychain...
2026-06-28 06:51:28.113 [info] Getting sessions for all scopes...
2026-06-28 06:51:28.416 [info] Got stored sessions!
2026-06-28 06:51:28.416 [info] Got 1 verified sessions.
2026-06-28 06:51:28.416 [info] Got 1 sessions for ...
2026-06-28 06:51:28.417 [info] Getting sessions for all scopes...
2026-06-28 06:51:28.417 [info] Got 1 sessions for ...
2026-06-28 06:51:28.575 [info] Getting sessions for all scopes...
2026-06-28 06:51:28.575 [info] Got 1 sessions for ...
2026-06-28 06:51:29.060 [info] Getting sessions for all scopes...
2026-06-28 06:51:29.060 [info] Got 1 sessions for ...
2026-06-28 06:51:30.931 [info] Getting sessions for all scopes...
2026-06-28 06:51:30.931 [info] Got 1 sessions for ...
2026-06-28 06:51:31.119 [info] Getting sessions for all scopes...
2026-06-28 06:51:31.119 [info] Got 1 sessions for ...
2026-06-28 06:51:31.119 [info] Getting sessions for all scopes...
2026-06-28 06:51:31.119 [info] Got 1 sessions for ...
2026-06-28 06:51:31.249 [info] FetcherService: Electron fetch failed with status: 429 
2026-06-28 06:51:31.261 [info] Unable to resolve optional EDU details. Status: 429 
2026-06-28 06:51:31.336 [info] Getting sessions for read:user,repo,user:email,workflow...
2026-06-28 06:51:31.336 [info] Got 1 sessions for read:user,repo,user:email,workflow...
2026-06-28 06:51:31.446 [info] Getting sessions for all scopes...
2026-06-28 06:51:31.446 [info] Got 1 sessions for ...
2026-06-28 06:51:31.448 [info] Getting sessions for read:user,repo,user:email,workflow...
2026-06-28 06:51:31.448 [info] Got 1 sessions for read:user,repo,user:email,workflow...
2026-06-28 06:51:32.416 [info] Getting sessions for all scopes...
2026-06-28 06:51:32.416 [info] Got 1 sessions for ...
2026-06-28 06:51:32.416 [info] Getting sessions for all scopes...
2026-06-28 06:51:32.416 [info] Got 1 sessions for ...
2026-06-28 06:51:32.838 [info] Getting sessions for all scopes...
2026-06-28 06:51:32.838 [info] Got 1 sessions for ...
2026-06-28 06:51:32.889 [info] Getting sessions for all scopes...
2026-06-28 06:51:32.889 [info] Got 1 sessions for ...
2026-06-28 06:51:32.889 [info] Getting sessions for read:user,repo,user:email,workflow...
2026-06-28 06:51:32.889 [info] Got 1 sessions for read:user,repo,user:email,workflow...
2026-06-28 06:51:33.250 [info] Getting sessions for all scopes...
2026-06-28 06:51:33.250 [info] Got 1 sessions for ...
2026-06-28 06:51:33.251 [info] Getting sessions for read:user,repo,user:email,workflow...
2026-06-28 06:51:33.251 [info] Got 1 sessions for read:user,repo,user:email,workflow...
2026-06-28 06:51:33.352 [info] Getting sessions for all scopes...
2026-06-28 06:51:33.352 [info] Got 1 sessions for ...
2026-06-28 06:51:33.354 [info] Getting sessions for read:user,repo,user:email,workflow...
2026-06-28 06:51:33.354 [info] Got 1 sessions for read:user,repo,user:email,workflow...
2026-06-28 06:51:33.376 [info] Getting sessions for all scopes...
2026-06-28 06:51:33.376 [info] Got 1 sessions for ...
2026-06-28 06:51:33.377 [info] Getting sessions for read:user,repo,user:email,workflow...
2026-06-28 06:51:33.378 [info] Got 1 sessions for read:user,repo,user:email,workflow...
2026-06-28 06:52:21.699 [info] Getting sessions for all scopes...
2026-06-28 06:52:21.699 [info] Got 1 sessions for ...
2026-06-28 06:52:21.700 [info] Getting sessions for all scopes...
2026-06-28 06:52:21.700 [info] Got 1 sessions for ...
2026-06-28 06:52:23.763 [info] Getting sessions for all scopes...
2026-06-28 06:52:23.763 [info] Got 1 sessions for ...
2026-06-28 06:52:23.763 [info] Getting sessions for all scopes...
2026-06-28 06:52:23.763 [info] Got 1 sessions for ...
2026-06-28 06:52:25.172 [info] Getting sessions for all scopes...
2026-06-28 06:52:25.172 [info] Got 1 sessions for ...
2026-06-28 06:52:25.173 [info] Getting sessions for all scopes...
2026-06-28 06:52:25.173 [info] Got 1 sessions for ...
2026-06-28 06:56:24.478 [info] Getting sessions for all scopes...
2026-06-28 06:56:24.479 [info] Got 1 sessions for ...
2026-06-28 06:56:24.479 [info] Getting sessions for all scopes...
2026-06-28 06:56:24.479 [info] Got 1 sessions for ...
2026-06-28 06:58:37.156 [info] Getting sessions for all scopes...
2026-06-28 06:58:37.157 [info] Got 1 sessions for ...
2026-06-28 06:58:37.202 [info] Getting sessions for all scopes...
2026-06-28 06:58:37.202 [info] Got 1 sessions for ...
2026-06-28 06:58:40.695 [info] Getting sessions for all scopes...
2026-06-28 06:58:40.695 [info] Got 1 sessions for ...
2026-06-28 06:58:40.695 [info] Getting sessions for all scopes...
2026-06-28 06:58:40.695 [info] Got 1 sessions for ...
2026-06-28 06:58:41.043 [info] Getting sessions for all scopes...
2026-06-28 06:58:41.044 [info] Got 1 sessions for ...
2026-06-28 06:58:41.045 [info] Getting sessions for all scopes...
2026-06-28 06:58:41.045 [info] Got 1 sessions for ...
2026-06-28 06:58:41.349 [info] Getting sessions for all scopes...
2026-06-28 06:58:41.349 [info] Got 1 sessions for ...
2026-06-28 06:58:41.350 [info] Getting sessions for all scopes...
2026-06-28 06:58:41.350 [info] Got 1 sessions for ...
2026-06-28 06:58:41.916 [info] Getting sessions for all scopes...
2026-06-28 06:58:41.916 [info] Got 1 sessions for ...
2026-06-28 06:58:41.917 [info] Getting sessions for all scopes...
2026-06-28 06:58:41.917 [info] Got 1 sessions for ...
2026-06-28 06:58:42.417 [info] Getting sessions for all scopes...
2026-06-28 06:58:42.417 [info] Got 1 sessions for ...
2026-06-28 06:58:42.417 [info] Getting sessions for all scopes...
2026-06-28 06:58:42.418 [info] Got 1 sessions for ...
2026-06-28 06:58:43.760 [info] Getting sessions for all scopes...
2026-06-28 06:58:43.760 [info] Got 1 sessions for ...
2026-06-28 06:58:43.761 [info] Getting sessions for all scopes...
2026-06-28 06:58:43.761 [info] Got 1 sessions for ...
2026-06-28 06:58:45.111 [info] Getting sessions for all scopes...
2026-06-28 06:58:45.111 [info] Got 1 sessions for ...
2026-06-28 06:58:45.112 [info] Getting sessions for all scopes...
2026-06-28 06:58:45.112 [info] Got 1 sessions for ...
2026-06-28 06:58:45.628 [info] Getting sessions for all scopes...
2026-06-28 06:58:45.628 [info] Got 1 sessions for ...
2026-06-28 06:58:45.628 [info] Getting sessions for all scopes...
2026-06-28 06:58:45.628 [info] Got 1 sessions for ...
2026-06-28 06:58:46.358 [info] Getting sessions for all scopes...
2026-06-28 06:58:46.358 [info] Got 1 sessions for ...
2026-06-28 06:58:46.359 [info] Getting sessions for all scopes...
2026-06-28 06:58:46.360 [info] Got 1 sessions for ...
2026-06-28 06:58:48.886 [info] Getting sessions for all scopes...
2026-06-28 06:58:48.886 [info] Got 1 sessions for ...
2026-06-28 06:58:48.890 [info] Getting sessions for all scopes...
2026-06-28 06:58:48.890 [info] Got 1 sessions for ...
2026-06-28 06:58:49.760 [info] Getting sessions for all scopes...
2026-06-28 06:58:49.760 [info] Got 1 sessions for ...
2026-06-28 06:58:49.760 [info] Getting sessions for all scopes...
2026-06-28 06:58:49.760 [info] Got 1 sessions for ...
2026-06-28 06:58:51.337 [info] Getting sessions for all scopes...
2026-06-28 06:58:51.337 [info] Got 1 sessions for ...
2026-06-28 06:58:51.338 [info] Getting sessions for all scopes...
2026-06-28 06:58:51.338 [info] Got 1 sessions for ...
2026-06-28 06:59:04.022 [info] Getting sessions for all scopes...
2026-06-28 06:59:04.022 [info] Got 1 sessions for ...
2026-06-28 06:59:04.023 [info] Getting sessions for all scopes...
2026-06-28 06:59:04.023 [info] Got 1 sessions for ...
2026-06-28 06:59:13.229 [info] Getting sessions for all scopes...
2026-06-28 06:59:13.229 [info] Got 1 sessions for ...
2026-06-28 06:59:13.229 [info] Getting sessions for all scopes...
2026-06-28 06:59:13.229 [info] Got 1 sessions for ...
2026-06-28 07:02:07.607 [info] Getting sessions for all scopes...
2026-06-28 07:02:07.607 [info] Got 1 sessions for ...
2026-06-28 07:02:07.610 [info] Getting sessions for all scopes...
2026-06-28 07:02:07.610 [info] Got 1 sessions for ...
2026-06-28 07:02:09.046 [info] Getting sessions for all scopes...
2026-06-28 07:02:09.046 [info] Got 1 sessions for ...
2026-06-28 07:02:09.047 [info] Getting sessions for all scopes...
2026-06-28 07:02:09.047 [info] Got 1 sessions for ...
2026-06-28 07:02:09.912 [info] Getting sessions for all scopes...
2026-06-28 07:02:09.912 [info] Got 1 sessions for ...
2026-06-28 07:02:09.914 [info] Getting sessions for all scopes...
2026-06-28 07:02:09.914 [info] Got 1 sessions for ...
2026-06-28 07:02:12.252 [info] Getting sessions for all scopes...
2026-06-28 07:02:12.252 [info] Got 1 sessions for ...
2026-06-28 07:02:12.255 [info] Getting sessions for all scopes...
2026-06-28 07:02:12.255 [info] Got 1 sessions for ...
2026-06-28 07:02:14.005 [info] Getting sessions for all scopes...
2026-06-28 07:02:14.005 [info] Got 1 sessions for ...
2026-06-28 07:02:14.005 [info] Getting sessions for all scopes...
2026-06-28 07:02:14.006 [info] Got 1 sessions for ...
2026-06-28 07:02:18.194 [info] Getting sessions for all scopes...
2026-06-28 07:02:18.194 [info] Got 1 sessions for ...
2026-06-28 07:02:18.194 [info] Getting sessions for all scopes...
2026-06-28 07:02:18.194 [info] Got 1 sessions for ...
2026-06-28 07:02:20.762 [info] Getting sessions for all scopes...
2026-06-28 07:02:20.762 [info] Got 1 sessions for ...
2026-06-28 07:02:20.763 [info] Getting sessions for all scopes...
2026-06-28 07:02:20.763 [info] Got 1 sessions for ...
2026-06-28 07:02:34.311 [info] Getting sessions for all scopes...
2026-06-28 07:02:34.311 [info] Got 1 sessions for ...
2026-06-28 07:02:34.312 [info] Getting sessions for all scopes...
2026-06-28 07:02:34.312 [info] Got 1 sessions for ...
2026-06-28 07:02:35.916 [info] Getting sessions for all scopes...
2026-06-28 07:02:35.916 [info] Got 1 sessions for ...
2026-06-28 07:02:35.917 [info] Getting sessions for all scopes...
2026-06-28 07:02:35.917 [info] Got 1 sessions for ...
2026-06-28 07:02:36.579 [info] Getting sessions for all scopes...
2026-06-28 07:02:36.579 [info] Got 1 sessions for ...
2026-06-28 07:02:36.579 [info] Getting sessions for all scopes...
2026-06-28 07:02:36.579 [info] Got 1 sessions for ...
2026-06-28 07:02:37.425 [info] Getting sessions for all scopes...
2026-06-28 07:02:37.425 [info] Got 1 sessions for ...
2026-06-28 07:02:37.427 [info] Getting sessions for all scopes...
2026-06-28 07:02:37.427 [info] Got 1 sessions for ...
2026-06-28 07:04:36.792 [info] Getting sessions for all scopes...
2026-06-28 07:04:36.792 [info] Got 1 sessions for ...
2026-06-28 07:04:36.807 [info] Getting sessions for all scopes...
2026-06-28 07:04:36.807 [info] Got 1 sessions for ...
2026-06-28 07:04:38.154 [info] Getting sessions for all scopes...
2026-06-28 07:04:38.154 [info] Got 1 sessions for ...
2026-06-28 07:04:38.159 [info] Getting sessions for all scopes...
2026-06-28 07:04:38.159 [info] Got 1 sessions for ...
2026-06-28 07:04:58.685 [info] Getting sessions for all scopes...
2026-06-28 07:04:58.685 [info] Got 1 sessions for ...
2026-06-28 07:04:58.688 [info] Getting sessions for all scopes...
2026-06-28 07:04:58.688 [info] Got 1 sessions for ...
2026-06-28 07:05:06.982 [info] Getting sessions for all scopes...
2026-06-28 07:05:06.982 [info] Got 1 sessions for ...
2026-06-28 07:05:06.992 [info] Getting sessions for all scopes...
2026-06-28 07:05:06.992 [info] Got 1 sessions for ...
2026-06-28 07:05:08.843 [info] Getting sessions for all scopes...
2026-06-28 07:05:08.843 [info] Got 1 sessions for ...
2026-06-28 07:05:08.856 [info] Getting sessions for all scopes...
2026-06-28 07:05:08.856 [info] Got 1 sessions for ...
2026-06-28 07:05:11.777 [info] Getting sessions for all scopes...
2026-06-28 07:05:11.777 [info] Got 1 sessions for ...
2026-06-28 07:05:11.784 [info] Getting sessions for all scopes...
2026-06-28 07:05:11.784 [info] Got 1 sessions for ...
2026-06-28 07:05:12.522 [info] Getting sessions for all scopes...
2026-06-28 07:05:12.522 [info] Got 1 sessions for ...
2026-06-28 07:05:12.523 [info] Getting sessions for all scopes...
2026-06-28 07:05:12.523 [info] Got 1 sessions for ...
2026-06-28 07:06:47.048 [info] Getting sessions for all scopes...
2026-06-28 07:06:47.048 [info] Got 1 sessions for ...
2026-06-28 07:06:47.050 [info] Getting sessions for all scopes...
2026-06-28 07:06:47.050 [info] Got 1 sessions for ...
2026-06-28 07:06:47.439 [info] Getting sessions for all scopes...
2026-06-28 07:06:47.439 [info] Got 1 sessions for ...
2026-06-28 07:06:47.440 [info] Getting sessions for all scopes...
2026-06-28 07:06:47.440 [info] Got 1 sessions for ...
2026-06-28 07:07:29.449 [info] Getting sessions for all scopes...
2026-06-28 07:07:29.449 [info] Got 1 sessions for ...
2026-06-28 07:07:29.451 [info] Getting sessions for all scopes...
2026-06-28 07:07:29.451 [info] Got 1 sessions for ...
2026-06-28 07:08:51.357 [info] Getting sessions for all scopes...
2026-06-28 07:08:51.357 [info] Got 1 sessions for ...
2026-06-28 07:08:51.366 [info] Getting sessions for all scopes...
2026-06-28 07:08:51.366 [info] Got 1 sessions for ...
2026-06-28 07:08:54.405 [info] Getting sessions for all scopes...
2026-06-28 07:08:54.405 [info] Got 1 sessions for ...
2026-06-28 07:08:54.407 [info] Getting sessions for all scopes...
2026-06-28 07:08:54.407 [info] Got 1 sessions for ...
2026-06-28 07:09:42.890 [info] Getting sessions for all scopes...
2026-06-28 07:09:42.890 [info] Got 1 sessions for ...
2026-06-28 07:09:42.894 [info] Getting sessions for all scopes...
2026-06-28 07:09:42.894 [info] Got 1 sessions for ...
2026-06-28 07:09:43.323 [info] Getting sessions for all scopes...
2026-06-28 07:09:43.323 [info] Got 1 sessions for ...
2026-06-28 07:09:43.324 [info] Getting sessions for all scopes...
2026-06-28 07:09:43.324 [info] Got 1 sessions for ...
2026-06-28 07:09:44.310 [info] Getting sessions for all scopes...
2026-06-28 07:09:44.310 [info] Got 1 sessions for ...
2026-06-28 07:09:44.312 [info] Getting sessions for all scopes...
2026-06-28 07:09:44.312 [info] Got 1 sessions for ...
2026-06-28 07:10:10.392 [info] Getting sessions for all scopes...
2026-06-28 07:10:10.392 [info] Got 1 sessions for ...
2026-06-28 07:10:10.396 [info] Getting sessions for all scopes...
2026-06-28 07:10:10.396 [info] Got 1 sessions for ...
2026-06-28 07:10:11.236 [info] Getting sessions for all scopes...
2026-06-28 07:10:11.236 [info] Got 1 sessions for ...
2026-06-28 07:10:11.238 [info] Getting sessions for all scopes...
2026-06-28 07:10:11.238 [info] Got 1 sessions for ...
2026-06-28 07:10:13.708 [info] Getting sessions for all scopes...
2026-06-28 07:10:13.708 [info] Got 1 sessions for ...
2026-06-28 07:10:13.708 [info] Getting sessions for all scopes...
2026-06-28 07:10:13.708 [info] Got 1 sessions for ...
2026-06-28 07:10:13.949 [info] Getting sessions for all scopes...
2026-06-28 07:10:13.949 [info] Got 1 sessions for ...
2026-06-28 07:10:13.950 [info] Getting sessions for all scopes...
2026-06-28 07:10:13.951 [info] Got 1 sessions for ...
2026-06-28 07:10:14.685 [info] Getting sessions for all scopes...
2026-06-28 07:10:14.685 [info] Got 1 sessions for ...
2026-06-28 07:10:14.693 [info] Getting sessions for all scopes...
2026-06-28 07:10:14.693 [info] Got 1 sessions for ...
2026-06-28 07:10:17.019 [info] Getting sessions for all scopes...
2026-06-28 07:10:17.019 [info] Got 1 sessions for ...
2026-06-28 07:10:17.023 [info] Getting sessions for all scopes...
2026-06-28 07:10:17.023 [info] Got 1 sessions for ...
2026-06-28 07:10:18.601 [info] Getting sessions for all scopes...
2026-06-28 07:10:18.601 [info] Got 1 sessions for ...
2026-06-28 07:10:18.603 [info] Getting sessions for all scopes...
2026-06-28 07:10:18.603 [info] Got 1 sessions for ...
2026-06-28 07:10:54.111 [info] Getting sessions for all scopes...
2026-06-28 07:10:54.111 [info] Got 1 sessions for ...
2026-06-28 07:10:54.112 [info] Getting sessions for all scopes...
2026-06-28 07:10:54.112 [info] Got 1 sessions for ...
2026-06-28 07:10:55.238 [info] Getting sessions for all scopes...
2026-06-28 07:10:55.239 [info] Got 1 sessions for ...
2026-06-28 07:10:55.240 [info] Getting sessions for all scopes...
2026-06-28 07:10:55.240 [info] Got 1 sessions for ...
2026-06-28 07:10:56.087 [info] Getting sessions for all scopes...
2026-06-28 07:10:56.088 [info] Got 1 sessions for ...
2026-06-28 07:10:56.103 [info] Getting sessions for all scopes...
2026-06-28 07:10:56.103 [info] Got 1 sessions for ...
2026-06-28 07:11:04.584 [info] Getting sessions for all scopes...
2026-06-28 07:11:04.584 [info] Got 1 sessions for ...
2026-06-28 07:11:04.585 [info] Getting sessions for all scopes...
2026-06-28 07:11:04.585 [info] Got 1 sessions for ...
2026-06-28 07:11:10.552 [info] Getting sessions for all scopes...
2026-06-28 07:11:10.552 [info] Got 1 sessions for ...
2026-06-28 07:11:10.557 [info] Getting sessions for all scopes...
2026-06-28 07:11:10.557 [info] Got 1 sessions for ...
2026-06-28 07:11:33.265 [info] Getting sessions for all scopes...
2026-06-28 07:11:33.265 [info] Got 1 sessions for ...
2026-06-28 07:11:33.301 [info] Getting sessions for all scopes...
2026-06-28 07:11:33.302 [info] Got 1 sessions for ...
2026-06-28 07:13:21.101 [info] Getting sessions for all scopes...
2026-06-28 07:13:21.101 [info] Got 1 sessions for ...
2026-06-28 07:13:21.102 [info] Getting sessions for all scopes...
2026-06-28 07:13:21.102 [info] Got 1 sessions for ...
2026-06-28 07:13:29.694 [info] Getting sessions for all scopes...
2026-06-28 07:13:29.694 [info] Got 1 sessions for ...
2026-06-28 07:13:29.694 [info] Getting sessions for all scopes...
2026-06-28 07:13:29.694 [info] Got 1 sessions for ...
2026-06-28 07:13:45.638 [info] Getting sessions for all scopes...
2026-06-28 07:13:45.639 [info] Got 1 sessions for ...
2026-06-28 07:13:45.684 [info] Getting sessions for all scopes...
2026-06-28 07:13:45.684 [info] Got 1 sessions for ...
2026-06-28 07:14:20.560 [info] Getting sessions for all scopes...
2026-06-28 07:14:20.561 [info] Got 1 sessions for ...
2026-06-28 07:14:20.562 [info] Getting sessions for all scopes...
2026-06-28 07:14:20.562 [info] Got 1 sessions for ...
2026-06-28 07:14:37.738 [info] Getting sessions for all scopes...
2026-06-28 07:14:37.738 [info] Got 1 sessions for ...
2026-06-28 07:14:37.739 [info] Getting sessions for all scopes...
2026-06-28 07:14:37.739 [info] Got 1 sessions for ...
2026-06-28 07:14:38.569 [info] Getting sessions for all scopes...
2026-06-28 07:14:38.569 [info] Got 1 sessions for ...
2026-06-28 07:14:38.572 [info] Getting sessions for all scopes...
2026-06-28 07:14:38.572 [info] Got 1 sessions for ...
2026-06-28 07:14:46.646 [info] Getting sessions for all scopes...
2026-06-28 07:14:46.646 [info] Got 1 sessions for ...
2026-06-28 07:14:46.706 [info] Getting sessions for all scopes...
2026-06-28 07:14:46.706 [info] Got 1 sessions for ...
2026-06-28 07:14:48.158 [info] Getting sessions for all scopes...
2026-06-28 07:14:48.158 [info] Got 1 sessions for ...
2026-06-28 07:14:48.173 [info] Getting sessions for all scopes...
2026-06-28 07:14:48.173 [info] Got 1 sessions for ...
2026-06-28 07:14:48.745 [info] Getting sessions for all scopes...
2026-06-28 07:14:48.745 [info] Got 1 sessions for ...
2026-06-28 07:14:48.746 [info] Getting sessions for all scopes...
2026-06-28 07:14:48.746 [info] Got 1 sessions for ...
2026-06-28 07:15:19.684 [info] Getting sessions for all scopes...
2026-06-28 07:15:19.684 [info] Got 1 sessions for ...
2026-06-28 07:15:19.685 [info] Getting sessions for all scopes...
2026-06-28 07:15:19.685 [info] Got 1 sessions for ...
2026-06-28 07:15:21.500 [info] Getting sessions for all scopes...
2026-06-28 07:15:21.500 [info] Got 1 sessions for ...
2026-06-28 07:15:21.525 [info] Getting sessions for all scopes...
2026-06-28 07:15:21.525 [info] Got 1 sessions for ...
2026-06-28 07:15:23.449 [info] Getting sessions for all scopes...
2026-06-28 07:15:23.449 [info] Got 1 sessions for ...
2026-06-28 07:15:23.470 [info] Getting sessions for all scopes...
2026-06-28 07:15:23.470 [info] Got 1 sessions for ...
2026-06-28 07:16:28.017 [info] Getting sessions for all scopes...
2026-06-28 07:16:28.017 [info] Got 1 sessions for ...
2026-06-28 07:16:28.139 [info] Getting sessions for all scopes...
2026-06-28 07:16:28.139 [info] Got 1 sessions for ...
2026-06-28 07:16:46.477 [info] Getting sessions for all scopes...
2026-06-28 07:16:46.478 [info] Got 1 sessions for ...
2026-06-28 07:16:46.479 [info] Getting sessions for all scopes...
2026-06-28 07:16:46.479 [info] Got 1 sessions for ...
2026-06-28 07:16:47.673 [info] Getting sessions for all scopes...
2026-06-28 07:16:47.673 [info] Got 1 sessions for ...
2026-06-28 07:16:47.689 [info] Getting sessions for all scopes...
2026-06-28 07:16:47.689 [info] Got 1 sessions for ...
2026-06-28 07:16:49.912 [info] Getting sessions for all scopes...
2026-06-28 07:16:49.912 [info] Got 1 sessions for ...
2026-06-28 07:16:49.959 [info] Getting sessions for all scopes...
2026-06-28 07:16:49.959 [info] Got 1 sessions for ...
2026-06-28 07:16:53.151 [info] Getting sessions for all scopes...
2026-06-28 07:16:53.151 [info] Got 1 sessions for ...
2026-06-28 07:16:53.152 [info] Getting sessions for all scopes...
2026-06-28 07:16:53.152 [info] Got 1 sessions for ...
2026-06-28 07:16:56.128 [info] Getting sessions for all scopes...
2026-06-28 07:16:56.128 [info] Got 1 sessions for ...
2026-06-28 07:16:56.159 [info] Getting sessions for all scopes...
2026-06-28 07:16:56.159 [info] Got 1 sessions for ...
2026-06-28 07:17:05.379 [info] Getting sessions for all scopes...
2026-06-28 07:17:05.379 [info] Got 1 sessions for ...
2026-06-28 07:17:05.383 [info] Getting sessions for all scopes...
2026-06-28 07:17:05.383 [info] Got 1 sessions for ...
2026-06-28 07:17:12.342 [info] Getting sessions for all scopes...
2026-06-28 07:17:12.342 [info] Got 1 sessions for ...
2026-06-28 07:17:12.343 [info] Getting sessions for all scopes...
2026-06-28 07:17:12.344 [info] Got 1 sessions for ...
2026-06-28 07:17:45.241 [info] Getting sessions for all scopes...
2026-06-28 07:17:45.241 [info] Got 1 sessions for ...
2026-06-28 07:17:45.250 [info] Getting sessions for all scopes...
2026-06-28 07:17:45.250 [info] Got 1 sessions for ...
2026-06-28 07:18:41.223 [info] Getting sessions for all scopes...
2026-06-28 07:18:41.223 [info] Got 1 sessions for ...
2026-06-28 07:18:41.223 [info] Getting sessions for all scopes...
2026-06-28 07:18:41.223 [info] Got 1 sessions for ...
2026-06-28 07:19:21.615 [info] Getting sessions for all scopes...
2026-06-28 07:19:21.616 [info] Got 1 sessions for ...
2026-06-28 07:19:21.634 [info] Getting sessions for all scopes...
2026-06-28 07:19:21.634 [info] Got 1 sessions for ...
2026-06-28 07:19:47.747 [info] Getting sessions for all scopes...
2026-06-28 07:19:47.747 [info] Got 1 sessions for ...
2026-06-28 07:19:47.763 [info] Getting sessions for all scopes...
2026-06-28 07:19:47.763 [info] Got 1 sessions for ...
2026-06-28 07:19:50.113 [info] Getting sessions for all scopes...
2026-06-28 07:19:50.114 [info] Got 1 sessions for ...
2026-06-28 07:19:50.141 [info] Getting sessions for all scopes...
2026-06-28 07:19:50.141 [info] Got 1 sessions for ...
2026-06-28 07:19:51.765 [info] Getting sessions for all scopes...
2026-06-28 07:19:51.765 [info] Got 1 sessions for ...
2026-06-28 07:19:51.765 [info] Getting sessions for all scopes...
2026-06-28 07:19:51.765 [info] Got 1 sessions for ...
2026-06-28 07:20:43.074 [info] Getting sessions for all scopes...
2026-06-28 07:20:43.074 [info] Got 1 sessions for ...
2026-06-28 07:20:43.075 [info] Getting sessions for all scopes...
2026-06-28 07:20:43.075 [info] Got 1 sessions for ...
2026-06-28 07:20:48.984 [info] Getting sessions for all scopes...
2026-06-28 07:20:48.984 [info] Got 1 sessions for ...
2026-06-28 07:20:48.988 [info] Getting sessions for all scopes...
2026-06-28 07:20:48.988 [info] Got 1 sessions for ...
2026-06-28 07:20:54.000 [info] Getting sessions for all scopes...
2026-06-28 07:20:54.000 [info] Got 1 sessions for ...
2026-06-28 07:20:54.031 [info] Getting sessions for all scopes...
2026-06-28 07:20:54.031 [info] Got 1 sessions for ...
2026-06-28 07:21:01.906 [info] Getting sessions for all scopes...
2026-06-28 07:21:01.906 [info] Got 1 sessions for ...
2026-06-28 07:21:01.907 [info] Getting sessions for all scopes...
2026-06-28 07:21:01.907 [info] Got 1 sessions for ...
2026-06-28 07:21:11.273 [info] Getting sessions for all scopes...
2026-06-28 07:21:11.273 [info] Got 1 sessions for ...
2026-06-28 07:21:11.274 [info] Getting sessions for all scopes...
2026-06-28 07:21:11.274 [info] Got 1 sessions for ...
2026-06-28 07:21:13.956 [info] Getting sessions for all scopes...
2026-06-28 07:21:13.956 [info] Got 1 sessions for ...
2026-06-28 07:21:13.975 [info] Getting sessions for all scopes...
2026-06-28 07:21:13.975 [info] Got 1 sessions for ...
2026-06-28 07:21:30.147 [info] Getting sessions for all scopes...
2026-06-28 07:21:30.147 [info] Got 1 sessions for ...
2026-06-28 07:21:30.152 [info] Getting sessions for all scopes...
2026-06-28 07:21:30.152 [info] Got 1 sessions for ...
2026-06-28 07:21:38.697 [info] Getting sessions for all scopes...
2026-06-28 07:21:38.697 [info] Got 1 sessions for ...
2026-06-28 07:21:38.733 [info] Getting sessions for all scopes...
2026-06-28 07:21:38.733 [info] Got 1 sessions for ...
2026-06-28 07:21:46.598 [info] Getting sessions for all scopes...
2026-06-28 07:21:46.598 [info] Got 1 sessions for ...
2026-06-28 07:21:46.641 [info] Getting sessions for all scopes...
2026-06-28 07:21:46.641 [info] Got 1 sessions for ...
2026-06-28 07:22:20.158 [info] Getting sessions for all scopes...
2026-06-28 07:22:20.158 [info] Got 1 sessions for ...
2026-06-28 07:22:20.159 [info] Getting sessions for all scopes...
2026-06-28 07:22:20.159 [info] Got 1 sessions for ...
2026-06-28 07:22:21.406 [info] Getting sessions for all scopes...
2026-06-28 07:22:21.406 [info] Got 1 sessions for ...
2026-06-28 07:22:21.431 [info] Getting sessions for all scopes...
2026-06-28 07:22:21.431 [info] Got 1 sessions for ...
2026-06-28 07:22:24.971 [info] Getting sessions for all scopes...
2026-06-28 07:22:24.971 [info] Got 1 sessions for ...
2026-06-28 07:22:24.976 [info] Getting sessions for all scopes...
2026-06-28 07:22:24.976 [info] Got 1 sessions for ...
2026-06-28 07:22:29.078 [info] Getting sessions for all scopes...
2026-06-28 07:22:29.079 [info] Got 1 sessions for ...
2026-06-28 07:22:29.095 [info] Getting sessions for all scopes...
2026-06-28 07:22:29.095 [info] Got 1 sessions for ...
2026-06-28 07:22:31.719 [info] Getting sessions for all scopes...
2026-06-28 07:22:31.719 [info] Got 1 sessions for ...
2026-06-28 07:22:31.733 [info] Getting sessions for all scopes...
2026-06-28 07:22:31.733 [info] Got 1 sessions for ...
2026-06-28 07:22:32.507 [info] Getting sessions for all scopes...
2026-06-28 07:22:32.507 [info] Got 1 sessions for ...
2026-06-28 07:22:32.514 [info] Getting sessions for all scopes...
2026-06-28 07:22:32.514 [info] Got 1 sessions for ...
2026-06-28 07:22:34.861 [info] Getting sessions for all scopes...
2026-06-28 07:22:34.861 [info] Got 1 sessions for ...
2026-06-28 07:22:34.864 [info] Getting sessions for all scopes...
2026-06-28 07:22:34.864 [info] Got 1 sessions for ...
2026-06-28 07:22:59.908 [info] Getting sessions for all scopes...
2026-06-28 07:22:59.908 [info] Got 1 sessions for ...
2026-06-28 07:22:59.916 [info] Getting sessions for all scopes...
2026-06-28 07:22:59.916 [info] Got 1 sessions for ...
2026-06-28 07:23:08.724 [info] Getting sessions for all scopes...
2026-06-28 07:23:08.724 [info] Got 1 sessions for ...
2026-06-28 07:23:08.796 [info] Getting sessions for all scopes...
2026-06-28 07:23:08.796 [info] Got 1 sessions for ...
2026-06-28 07:23:14.006 [info] Getting sessions for all scopes...
2026-06-28 07:23:14.006 [info] Got 1 sessions for ...
2026-06-28 07:23:14.009 [info] Getting sessions for all scopes...
2026-06-28 07:23:14.010 [info] Got 1 sessions for ...
2026-06-28 07:23:49.442 [info] Getting sessions for all scopes...
2026-06-28 07:23:49.442 [info] Got 1 sessions for ...
2026-06-28 07:23:49.449 [info] Getting sessions for all scopes...
2026-06-28 07:23:49.449 [info] Got 1 sessions for ...
2026-06-28 07:23:57.786 [info] Getting sessions for all scopes...
2026-06-28 07:23:57.786 [info] Got 1 sessions for ...
2026-06-28 07:23:57.788 [info] Getting sessions for all scopes...
2026-06-28 07:23:57.788 [info] Got 1 sessions for ...
2026-06-28 07:24:30.976 [info] Getting sessions for all scopes...
2026-06-28 07:24:30.976 [info] Got 1 sessions for ...
2026-06-28 07:24:30.977 [info] Getting sessions for all scopes...
2026-06-28 07:24:30.977 [info] Got 1 sessions for ...
2026-06-28 07:30:02.684 [info] Getting sessions for all scopes...
2026-06-28 07:30:02.684 [info] Got 1 sessions for ...
2026-06-28 07:30:02.710 [info] Getting sessions for all scopes...
2026-06-28 07:30:02.710 [info] Got 1 sessions for ...
2026-06-28 07:46:33.357 [info] Getting sessions for all scopes...
2026-06-28 07:46:33.357 [info] Got 1 sessions for ...
2026-06-28 07:46:33.358 [info] Getting sessions for read:user,repo,user:email,workflow...
2026-06-28 07:46:33.359 [info] Got 1 sessions for read:user,repo,user:email,workflow...
2026-06-28 07:46:34.692 [info] Getting sessions for all scopes...
2026-06-28 07:46:34.692 [info] Got 1 sessions for ...
2026-06-28 07:46:34.692 [info] Getting sessions for all scopes...
2026-06-28 07:46:34.692 [info] Got 1 sessions for ...
2026-06-28 07:46:34.693 [info] Getting sessions for read:user,repo,user:email,workflow...
2026-06-28 07:46:34.693 [info] Got 1 sessions for read:user,repo,user:email,workflow...
2026-06-28 08:29:20.017 [info] Getting sessions for all scopes...
2026-06-28 08:29:20.017 [info] Got 1 sessions for ...
2026-06-28 08:29:20.018 [info] Getting sessions for all scopes...
2026-06-28 08:29:20.018 [info] Got 1 sessions for ...
2026-06-28 08:29:30.133 [info] Getting sessions for all scopes...
2026-06-28 08:29:30.133 [info] Got 1 sessions for ...
2026-06-28 08:29:30.136 [info] Getting sessions for all scopes...
2026-06-28 08:29:30.136 [info] Got 1 sessions for ...
2026-06-28 08:29:50.067 [info] Getting sessions for all scopes...
2026-06-28 08:29:50.067 [info] Got 1 sessions for ...
2026-06-28 08:29:50.068 [info] Getting sessions for all scopes...
2026-06-28 08:29:50.068 [info] Got 1 sessions for ...
2026-06-28 08:29:50.908 [info] Getting sessions for all scopes...
2026-06-28 08:29:50.908 [info] Got 1 sessions for ...
2026-06-28 08:29:50.908 [info] Getting sessions for all scopes...
2026-06-28 08:29:50.908 [info] Got 1 sessions for ...
2026-06-28 08:29:53.539 [info] Getting sessions for all scopes...
2026-06-28 08:29:53.539 [info] Got 1 sessions for ...
2026-06-28 08:29:53.540 [info] Getting sessions for all scopes...
2026-06-28 08:29:53.540 [info] Got 1 sessions for ...
2026-06-28 08:30:44.517 [info] Getting sessions for all scopes...
2026-06-28 08:30:44.517 [info] Got 1 sessions for ...
2026-06-28 08:30:44.518 [info] Getting sessions for all scopes...
2026-06-28 08:30:44.518 [info] Got 1 sessions for ...
2026-06-28 08:30:49.081 [info] Getting sessions for all scopes...
2026-06-28 08:30:49.081 [info] Got 1 sessions for ...
2026-06-28 08:30:49.081 [info] Getting sessions for all scopes...
2026-06-28 08:30:49.081 [info] Got 1 sessions for ...
2026-06-28 08:30:50.449 [info] Getting sessions for all scopes...
2026-06-28 08:30:50.450 [info] Got 1 sessions for ...
2026-06-28 08:30:50.493 [info] Getting sessions for all scopes...
2026-06-28 08:30:50.493 [info] Got 1 sessions for ...
2026-06-28 08:36:24.551 [info] Getting sessions for all scopes...
2026-06-28 08:36:24.551 [info] Got 1 sessions for ...
2026-06-28 08:36:24.557 [info] Getting sessions for all scopes...
2026-06-28 08:36:24.557 [info] Got 1 sessions for ...
2026-06-28 08:36:33.072 [info] Getting sessions for all scopes...
2026-06-28 08:36:33.072 [info] Got 1 sessions for ...
2026-06-28 08:36:33.073 [info] Getting sessions for all scopes...
2026-06-28 08:36:33.073 [info] Got 1 sessions for ...
2026-06-28 08:36:44.859 [info] Getting sessions for all scopes...
2026-06-28 08:36:44.859 [info] Got 1 sessions for ...
2026-06-28 08:36:44.861 [info] Getting sessions for all scopes...
2026-06-28 08:36:44.861 [info] Got 1 sessions for ...
2026-06-28 08:37:19.303 [info] Getting sessions for all scopes...
2026-06-28 08:37:19.303 [info] Got 1 sessions for ...
2026-06-28 08:37:19.315 [info] Getting sessions for all scopes...
2026-06-28 08:37:19.315 [info] Got 1 sessions for ...
2026-06-28 08:38:39.052 [info] Getting sessions for all scopes...
2026-06-28 08:38:39.053 [info] Got 1 sessions for ...
2026-06-28 08:38:39.054 [info] Getting sessions for all scopes...
2026-06-28 08:38:39.054 [info] Got 1 sessions for ...
2026-06-28 08:39:05.395 [info] Getting sessions for all scopes...
2026-06-28 08:39:05.395 [info] Got 1 sessions for ...
2026-06-28 08:39:05.396 [info] Getting sessions for all scopes...
2026-06-28 08:39:05.396 [info] Got 1 sessions for ...
2026-06-28 08:40:01.315 [info] Getting sessions for all scopes...
2026-06-28 08:40:01.315 [info] Got 1 sessions for ...
2026-06-28 08:40:01.317 [info] Getting sessions for all scopes...
2026-06-28 08:40:01.317 [info] Got 1 sessions for ...
2026-06-28 08:40:52.644 [info] Getting sessions for all scopes...
2026-06-28 08:40:52.644 [info] Got 1 sessions for ...
2026-06-28 08:40:52.668 [info] Getting sessions for all scopes...
2026-06-28 08:40:52.668 [info] Got 1 sessions for ...
2026-06-28 08:40:56.747 [info] Getting sessions for all scopes...
2026-06-28 08:40:56.747 [info] Got 1 sessions for ...
2026-06-28 08:40:56.755 [info] Getting sessions for all scopes...
2026-06-28 08:40:56.755 [info] Got 1 sessions for ...
2026-06-28 08:41:01.521 [info] Getting sessions for all scopes...
2026-06-28 08:41:01.521 [info] Got 1 sessions for ...
2026-06-28 08:41:01.549 [info] Getting sessions for all scopes...
2026-06-28 08:41:01.549 [info] Got 1 sessions for ...
2026-06-28 08:41:11.502 [info] Getting sessions for all scopes...
2026-06-28 08:41:11.502 [info] Got 1 sessions for ...
2026-06-28 08:41:11.507 [info] Getting sessions for all scopes...
2026-06-28 08:41:11.507 [info] Got 1 sessions for ...
2026-06-28 08:41:17.640 [info] Getting sessions for all scopes...
2026-06-28 08:41:17.640 [info] Got 1 sessions for ...
2026-06-28 08:41:17.658 [info] Getting sessions for all scopes...
2026-06-28 08:41:17.658 [info] Got 1 sessions for ...
2026-06-28 08:42:33.370 [info] Getting sessions for all scopes...
2026-06-28 08:42:33.370 [info] Got 1 sessions for ...
2026-06-28 08:42:33.373 [info] Getting sessions for read:user,repo,user:email,workflow...
2026-06-28 08:42:33.373 [info] Got 1 sessions for read:user,repo,user:email,workflow...
2026-06-28 08:42:34.673 [info] Getting sessions for all scopes...
2026-06-28 08:42:34.673 [info] Got 1 sessions for ...
2026-06-28 08:42:34.673 [info] Getting sessions for all scopes...
2026-06-28 08:42:34.673 [info] Got 1 sessions for ...
2026-06-28 08:42:34.675 [info] Getting sessions for read:user,repo,user:email,workflow...
2026-06-28 08:42:34.675 [info] Got 1 sessions for read:user,repo,user:email,workflow...
2026-06-28 08:43:08.011 [info] Getting sessions for all scopes...
2026-06-28 08:43:08.011 [info] Got 1 sessions for ...
2026-06-28 08:43:08.013 [info] Getting sessions for all scopes...
2026-06-28 08:43:08.013 [info] Got 1 sessions for ...
2026-06-28 08:43:08.388 [info] Getting sessions for all scopes...
2026-06-28 08:43:08.388 [info] Got 1 sessions for ...
2026-06-28 08:43:08.391 [info] Getting sessions for all scopes...
2026-06-28 08:43:08.391 [info] Got 1 sessions for ...
2026-06-28 08:43:10.204 [info] Getting sessions for all scopes...
2026-06-28 08:43:10.204 [info] Got 1 sessions for ...
2026-06-28 08:43:10.205 [info] Getting sessions for all scopes...
2026-06-28 08:43:10.205 [info] Got 1 sessions for ...
2026-06-28 08:43:10.582 [info] Getting sessions for all scopes...
2026-06-28 08:43:10.582 [info] Got 1 sessions for ...
2026-06-28 08:43:10.583 [info] Getting sessions for all scopes...
2026-06-28 08:43:10.583 [info] Got 1 sessions for ...
2026-06-28 08:43:19.775 [info] Getting sessions for all scopes...
2026-06-28 08:43:19.775 [info] Got 1 sessions for ...
2026-06-28 08:43:19.790 [info] Getting sessions for all scopes...
2026-06-28 08:43:19.790 [info] Got 1 sessions for ...
2026-06-28 08:43:21.024 [info] Getting sessions for all scopes...
2026-06-28 08:43:21.024 [info] Got 1 sessions for ...
2026-06-28 08:43:21.049 [info] Getting sessions for all scopes...
2026-06-28 08:43:21.050 [info] Got 1 sessions for ...
2026-06-28 08:43:21.358 [info] Getting sessions for all scopes...
2026-06-28 08:43:21.358 [info] Got 1 sessions for ...
2026-06-28 08:43:21.396 [info] Getting sessions for all scopes...
2026-06-28 08:43:21.396 [info] Got 1 sessions for ...
2026-06-28 08:43:21.824 [info] Getting sessions for all scopes...
2026-06-28 08:43:21.825 [info] Got 1 sessions for ...
2026-06-28 08:43:21.841 [info] Getting sessions for all scopes...
2026-06-28 08:43:21.841 [info] Got 1 sessions for ...
2026-06-28 08:43:25.628 [info] Getting sessions for all scopes...
2026-06-28 08:43:25.629 [info] Got 1 sessions for ...
2026-06-28 08:43:25.673 [info] Getting sessions for all scopes...
2026-06-28 08:43:25.674 [info] Got 1 sessions for ...
2026-06-28 08:48:51.241 [info] Getting sessions for all scopes...
2026-06-28 08:48:51.241 [info] Got 1 sessions for ...
2026-06-28 08:48:51.257 [info] Getting sessions for all scopes...
2026-06-28 08:48:51.257 [info] Got 1 sessions for ...
2026-06-28 08:55:45.962 [info] Getting sessions for all scopes...
2026-06-28 08:55:45.962 [info] Got 1 sessions for ...
2026-06-28 08:55:45.964 [info] Getting sessions for all scopes...
2026-06-28 08:55:45.964 [info] Got 1 sessions for ...
2026-06-28 08:56:27.753 [info] Getting sessions for all scopes...
2026-06-28 08:56:27.753 [info] Got 1 sessions for ...
2026-06-28 08:56:27.753 [info] Getting sessions for all scopes...
2026-06-28 08:56:27.753 [info] Got 1 sessions for ...
2026-06-28 08:56:28.250 [info] Getting sessions for all scopes...
2026-06-28 08:56:28.251 [info] Got 1 sessions for ...
2026-06-28 08:56:28.254 [info] Getting sessions for all scopes...
2026-06-28 08:56:28.254 [info] Got 1 sessions for ...
2026-06-28 08:56:29.669 [info] Getting sessions for all scopes...
2026-06-28 08:56:29.669 [info] Got 1 sessions for ...
2026-06-28 08:56:29.690 [info] Getting sessions for all scopes...
2026-06-28 08:56:29.690 [info] Got 1 sessions for ...
2026-06-28 08:56:30.240 [info] Getting sessions for all scopes...
2026-06-28 08:56:30.240 [info] Got 1 sessions for ...
2026-06-28 08:56:30.244 [info] Getting sessions for all scopes...
2026-06-28 08:56:30.244 [info] Got 1 sessions for ...
2026-06-28 08:56:31.542 [info] Getting sessions for all scopes...
2026-06-28 08:56:31.542 [info] Got 1 sessions for ...
2026-06-28 08:56:31.542 [info] Getting sessions for all scopes...
2026-06-28 08:56:31.543 [info] Got 1 sessions for ...
2026-06-28 08:58:45.047 [info] Getting sessions for all scopes...
2026-06-28 08:58:45.047 [info] Got 1 sessions for ...
2026-06-28 08:58:45.048 [info] Getting sessions for all scopes...
2026-06-28 08:58:45.048 [info] Got 1 sessions for ...
2026-06-28 08:58:50.009 [info] Getting sessions for all scopes...
2026-06-28 08:58:50.009 [info] Got 1 sessions for ...
2026-06-28 08:58:50.010 [info] Getting sessions for all scopes...
2026-06-28 08:58:50.010 [info] Got 1 sessions for ...
2026-06-28 08:59:09.944 [info] Getting sessions for all scopes...
2026-06-28 08:59:09.944 [info] Got 1 sessions for ...
2026-06-28 08:59:09.944 [info] Getting sessions for all scopes...
2026-06-28 08:59:09.944 [info] Got 1 sessions for ...
2026-06-28 08:59:13.676 [info] Getting sessions for all scopes...
2026-06-28 08:59:13.676 [info] Got 1 sessions for ...
2026-06-28 08:59:13.678 [info] Getting sessions for all scopes...
2026-06-28 08:59:13.678 [info] Got 1 sessions for ...
2026-06-28 08:59:49.055 [info] Getting sessions for all scopes...
2026-06-28 08:59:49.055 [info] Got 1 sessions for ...
2026-06-28 08:59:49.056 [info] Getting sessions for all scopes...
2026-06-28 08:59:49.056 [info] Got 1 sessions for ...
2026-06-28 09:00:01.530 [info] Getting sessions for all scopes...
2026-06-28 09:00:01.531 [info] Got 1 sessions for ...
2026-06-28 09:00:01.531 [info] Getting sessions for all scopes...
2026-06-28 09:00:01.531 [info] Got 1 sessions for ...
2026-06-28 09:00:02.897 [info] Getting sessions for all scopes...
2026-06-28 09:00:02.897 [info] Got 1 sessions for ...
2026-06-28 09:00:02.900 [info] Getting sessions for all scopes...
2026-06-28 09:00:02.900 [info] Got 1 sessions for ...
2026-06-28 09:00:05.237 [info] Getting sessions for all scopes...
2026-06-28 09:00:05.237 [info] Got 1 sessions for ...
2026-06-28 09:00:05.237 [info] Getting sessions for all scopes...
2026-06-28 09:00:05.237 [info] Got 1 sessions for ...
2026-06-28 09:00:05.634 [info] Getting sessions for all scopes...
2026-06-28 09:00:05.634 [info] Got 1 sessions for ...
2026-06-28 09:00:05.637 [info] Getting sessions for all scopes...
2026-06-28 09:00:05.637 [info] Got 1 sessions for ...
2026-06-28 09:00:06.154 [info] Getting sessions for all scopes...
2026-06-28 09:00:06.154 [info] Got 1 sessions for ...
2026-06-28 09:00:06.155 [info] Getting sessions for all scopes...
2026-06-28 09:00:06.155 [info] Got 1 sessions for ...
2026-06-28 09:00:07.032 [info] Getting sessions for all scopes...
2026-06-28 09:00:07.033 [info] Got 1 sessions for ...
2026-06-28 09:00:07.034 [info] Getting sessions for all scopes...
2026-06-28 09:00:07.034 [info] Got 1 sessions for ...
2026-06-28 09:00:07.565 [info] Getting sessions for all scopes...
2026-06-28 09:00:07.565 [info] Got 1 sessions for ...
2026-06-28 09:00:07.566 [info] Getting sessions for all scopes...
2026-06-28 09:00:07.566 [info] Got 1 sessions for ...
2026-06-28 09:00:08.301 [info] Getting sessions for all scopes...
2026-06-28 09:00:08.301 [info] Got 1 sessions for ...
2026-06-28 09:00:08.302 [info] Getting sessions for all scopes...
2026-06-28 09:00:08.302 [info] Got 1 sessions for ...
2026-06-28 09:01:29.233 [info] Getting sessions for all scopes...
2026-06-28 09:01:29.233 [info] Got 1 sessions for ...
2026-06-28 09:01:29.234 [info] Getting sessions for all scopes...
2026-06-28 09:01:29.234 [info] Got 1 sessions for ...
2026-06-28 09:01:30.931 [info] Getting sessions for all scopes...
2026-06-28 09:01:30.931 [info] Got 1 sessions for ...
2026-06-28 09:01:30.932 [info] Getting sessions for all scopes...
2026-06-28 09:01:30.932 [info] Got 1 sessions for ...
2026-06-28 09:01:33.548 [info] Getting sessions for all scopes...
2026-06-28 09:01:33.548 [info] Got 1 sessions for ...
2026-06-28 09:01:33.549 [info] Getting sessions for all scopes...
2026-06-28 09:01:33.549 [info] Got 1 sessions for ...
2026-06-28 09:02:23.341 [info] Getting sessions for all scopes...
2026-06-28 09:02:23.341 [info] Got 1 sessions for ...
2026-06-28 09:02:23.344 [info] Getting sessions for all scopes...
2026-06-28 09:02:23.344 [info] Got 1 sessions for ...
2026-06-28 09:03:01.607 [info] Getting sessions for all scopes...
2026-06-28 09:03:01.607 [info] Got 1 sessions for ...
2026-06-28 09:03:01.608 [info] Getting sessions for all scopes...
2026-06-28 09:03:01.608 [info] Got 1 sessions for ...
2026-06-28 09:03:02.936 [info] Getting sessions for all scopes...
2026-06-28 09:03:02.936 [info] Got 1 sessions for ...
2026-06-28 09:03:02.936 [info] Getting sessions for all scopes...
2026-06-28 09:03:02.936 [info] Got 1 sessions for ...
2026-06-28 09:03:04.140 [info] Getting sessions for all scopes...
2026-06-28 09:03:04.140 [info] Got 1 sessions for ...
2026-06-28 09:03:04.158 [info] Getting sessions for all scopes...
2026-06-28 09:03:04.158 [info] Got 1 sessions for ...
2026-06-28 09:03:12.535 [info] Getting sessions for all scopes...
2026-06-28 09:03:12.535 [info] Got 1 sessions for ...
2026-06-28 09:03:12.535 [info] Getting sessions for all scopes...
2026-06-28 09:03:12.535 [info] Got 1 sessions for ...
2026-06-28 09:03:13.980 [info] Getting sessions for all scopes...
2026-06-28 09:03:13.980 [info] Got 1 sessions for ...
2026-06-28 09:03:13.980 [info] Getting sessions for all scopes...
2026-06-28 09:03:13.980 [info] Got 1 sessions for ...
2026-06-28 09:03:14.707 [info] Getting sessions for all scopes...
2026-06-28 09:03:14.707 [info] Got 1 sessions for ...
2026-06-28 09:03:14.717 [info] Getting sessions for all scopes...
2026-06-28 09:03:14.717 [info] Got 1 sessions for ...
2026-06-28 09:03:15.195 [info] Getting sessions for all scopes...
2026-06-28 09:03:15.195 [info] Got 1 sessions for ...
2026-06-28 09:03:15.196 [info] Getting sessions for all scopes...
2026-06-28 09:03:15.196 [info] Got 1 sessions for ...
2026-06-28 09:03:16.374 [info] Getting sessions for all scopes...
2026-06-28 09:03:16.374 [info] Got 1 sessions for ...
2026-06-28 09:03:16.383 [info] Getting sessions for all scopes...
2026-06-28 09:03:16.383 [info] Got 1 sessions for ...
2026-06-28 09:10:40.477 [info] Getting sessions for all scopes...
2026-06-28 09:10:40.477 [info] Got 1 sessions for ...
2026-06-28 09:10:40.478 [info] Getting sessions for all scopes...
2026-06-28 09:10:40.478 [info] Got 1 sessions for ...
2026-06-28 09:12:58.732 [info] Getting sessions for all scopes...
2026-06-28 09:12:58.732 [info] Got 1 sessions for ...
2026-06-28 09:12:58.739 [info] Getting sessions for all scopes...
2026-06-28 09:12:58.739 [info] Got 1 sessions for ...
2026-06-28 09:13:20.562 [info] Getting sessions for all scopes...
2026-06-28 09:13:20.563 [info] Got 1 sessions for ...
2026-06-28 09:13:20.569 [info] Getting sessions for all scopes...
2026-06-28 09:13:20.569 [info] Got 1 sessions for ...
2026-06-28 09:13:28.657 [info] Getting sessions for all scopes...
2026-06-28 09:13:28.657 [info] Got 1 sessions for ...
2026-06-28 09:13:28.658 [info] Getting sessions for all scopes...
2026-06-28 09:13:28.658 [info] Got 1 sessions for ...
2026-06-28 09:13:29.901 [info] Getting sessions for all scopes...
2026-06-28 09:13:29.901 [info] Got 1 sessions for ...
2026-06-28 09:13:29.916 [info] Getting sessions for all scopes...
2026-06-28 09:13:29.916 [info] Got 1 sessions for ...
2026-06-28 09:13:54.723 [info] Getting sessions for all scopes...
2026-06-28 09:13:54.723 [info] Got 1 sessions for ...
2026-06-28 09:13:54.725 [info] Getting sessions for all scopes...
2026-06-28 09:13:54.725 [info] Got 1 sessions for ...
2026-06-28 09:38:33.387 [info] Getting sessions for all scopes...
2026-06-28 09:38:33.387 [info] Got 1 sessions for ...
2026-06-28 09:38:33.389 [info] Getting sessions for read:user,repo,user:email,workflow...
2026-06-28 09:38:33.390 [info] Got 1 sessions for read:user,repo,user:email,workflow...
2026-06-28 09:38:35.239 [info] Getting sessions for all scopes...
2026-06-28 09:38:35.239 [info] Got 1 sessions for ...
2026-06-28 09:38:35.239 [info] Getting sessions for all scopes...
2026-06-28 09:38:35.239 [info] Got 1 sessions for ...
2026-06-28 09:38:35.240 [info] Getting sessions for read:user,repo,user:email,workflow...
2026-06-28 09:38:35.240 [info] Got 1 sessions for read:user,repo,user:email,workflow...
2026-06-28 09:52:21.236 [info] Getting sessions for all scopes...
2026-06-28 09:52:21.236 [info] Got 1 sessions for ...
2026-06-28 09:52:21.238 [info] Getting sessions for all scopes...
2026-06-28 09:52:21.238 [info] Got 1 sessions for ...
2026-06-28 09:52:33.544 [info] Getting sessions for all scopes...
2026-06-28 09:52:33.545 [info] Got 1 sessions for ...
2026-06-28 09:52:33.547 [info] Getting sessions for all scopes...
2026-06-28 09:52:33.547 [info] Got 1 sessions for ...
2026-06-28 09:52:58.674 [info] Getting sessions for all scopes...
2026-06-28 09:52:58.674 [info] Got 1 sessions for ...
2026-06-28 09:52:58.678 [info] Getting sessions for all scopes...
2026-06-28 09:52:58.678 [info] Got 1 sessions for ...
2026-06-28 09:52:59.329 [info] Getting sessions for all scopes...
2026-06-28 09:52:59.329 [info] Got 1 sessions for ...
2026-06-28 09:52:59.330 [info] Getting sessions for all scopes...
2026-06-28 09:52:59.330 [info] Got 1 sessions for ...
2026-06-28 09:53:00.817 [info] Getting sessions for all scopes...
2026-06-28 09:53:00.817 [info] Got 1 sessions for ...
2026-06-28 09:53:00.830 [info] Getting sessions for all scopes...
2026-06-28 09:53:00.830 [info] Got 1 sessions for ...
2026-06-28 09:53:21.965 [info] Getting sessions for all scopes...
2026-06-28 09:53:21.965 [info] Got 1 sessions for ...
2026-06-28 09:53:21.965 [info] Getting sessions for all scopes...
2026-06-28 09:53:21.966 [info] Got 1 sessions for ...
2026-06-28 09:53:30.483 [info] Getting sessions for all scopes...
2026-06-28 09:53:30.483 [info] Got 1 sessions for ...
2026-06-28 09:53:30.484 [info] Getting sessions for all scopes...
2026-06-28 09:53:30.484 [info] Got 1 sessions for ...
2026-06-28 09:53:31.227 [info] Getting sessions for all scopes...
2026-06-28 09:53:31.227 [info] Got 1 sessions for ...
2026-06-28 09:53:31.291 [info] Getting sessions for all scopes...
2026-06-28 09:53:31.291 [info] Got 1 sessions for ...
2026-06-28 09:53:47.614 [info] Getting sessions for all scopes...
2026-06-28 09:53:47.614 [info] Got 1 sessions for ...
2026-06-28 09:53:47.615 [info] Getting sessions for all scopes...
2026-06-28 09:53:47.615 [info] Got 1 sessions for ...
2026-06-28 09:53:48.440 [info] Getting sessions for all scopes...
2026-06-28 09:53:48.440 [info] Got 1 sessions for ...
2026-06-28 09:53:48.440 [info] Getting sessions for all scopes...
2026-06-28 09:53:48.441 [info] Got 1 sessions for ...
2026-06-28 09:56:06.781 [info] Getting sessions for all scopes...
2026-06-28 09:56:06.781 [info] Got 1 sessions for ...
2026-06-28 09:56:06.782 [info] Getting sessions for all scopes...
2026-06-28 09:56:06.782 [info] Got 1 sessions for ...
2026-06-28 09:56:56.507 [info] Getting sessions for all scopes...
2026-06-28 09:56:56.507 [info] Got 1 sessions for ...
2026-06-28 09:56:56.508 [info] Getting sessions for all scopes...
2026-06-28 09:56:56.508 [info] Got 1 sessions for ...
2026-06-28 09:56:58.436 [info] Getting sessions for all scopes...
2026-06-28 09:56:58.436 [info] Got 1 sessions for ...
2026-06-28 09:56:58.436 [info] Getting sessions for all scopes...
2026-06-28 09:56:58.436 [info] Got 1 sessions for ...
2026-06-28 09:56:59.783 [info] Getting sessions for all scopes...
2026-06-28 09:56:59.783 [info] Got 1 sessions for ...
2026-06-28 09:56:59.785 [info] Getting sessions for all scopes...
2026-06-28 09:56:59.785 [info] Got 1 sessions for ...
2026-06-28 09:57:00.512 [info] Getting sessions for all scopes...
2026-06-28 09:57:00.513 [info] Got 1 sessions for ...
2026-06-28 09:57:00.514 [info] Getting sessions for all scopes...
2026-06-28 09:57:00.514 [info] Got 1 sessions for ...
2026-06-28 09:57:29.080 [info] Getting sessions for all scopes...
2026-06-28 09:57:29.080 [info] Got 1 sessions for ...
2026-06-28 09:57:29.089 [info] Getting sessions for all scopes...
2026-06-28 09:57:29.089 [info] Got 1 sessions for ...
2026-06-28 10:14:31.020 [info] Getting sessions for all scopes...
2026-06-28 10:14:31.020 [info] Got 1 sessions for ...
2026-06-28 10:14:31.035 [info] Getting sessions for all scopes...
2026-06-28 10:14:31.035 [info] Got 1 sessions for ...
2026-06-28 10:14:32.093 [info] Getting sessions for all scopes...
2026-06-28 10:14:32.093 [info] Got 1 sessions for ...
2026-06-28 10:14:32.094 [info] Getting sessions for all scopes...
2026-06-28 10:14:32.094 [info] Got 1 sessions for ...
2026-06-28 10:14:54.390 [info] Getting sessions for all scopes...
2026-06-28 10:14:54.390 [info] Got 1 sessions for ...
2026-06-28 10:14:54.391 [info] Getting sessions for all scopes...
2026-06-28 10:14:54.391 [info] Got 1 sessions for ...
2026-06-28 10:15:20.982 [info] Getting sessions for all scopes...
2026-06-28 10:15:20.982 [info] Got 1 sessions for ...
2026-06-28 10:15:20.983 [info] Getting sessions for all scopes...
2026-06-28 10:15:20.983 [info] Got 1 sessions for ...
2026-06-28 10:16:59.061 [info] Getting sessions for all scopes...
2026-06-28 10:16:59.061 [info] Got 1 sessions for ...
2026-06-28 10:16:59.063 [info] Getting sessions for all scopes...
2026-06-28 10:16:59.063 [info] Got 1 sessions for ...
2026-06-28 10:17:17.874 [info] Getting sessions for all scopes...
2026-06-28 10:17:17.874 [info] Got 1 sessions for ...
2026-06-28 10:17:17.878 [info] Getting sessions for all scopes...
2026-06-28 10:17:17.878 [info] Got 1 sessions for ...
2026-06-28 10:17:22.249 [info] Getting sessions for all scopes...
2026-06-28 10:17:22.249 [info] Got 1 sessions for ...
2026-06-28 10:17:22.250 [info] Getting sessions for all scopes...
2026-06-28 10:17:22.250 [info] Got 1 sessions for ...
2026-06-28 10:17:26.282 [info] Getting sessions for all scopes...
2026-06-28 10:17:26.282 [info] Got 1 sessions for ...
2026-06-28 10:17:26.283 [info] Getting sessions for all scopes...
2026-06-28 10:17:26.283 [info] Got 1 sessions for ...
2026-06-28 10:17:35.932 [info] Getting sessions for all scopes...
2026-06-28 10:17:35.932 [info] Got 1 sessions for ...
2026-06-28 10:17:35.938 [info] Getting sessions for read:user,repo,user:email,workflow...
2026-06-28 10:17:35.938 [info] Got 1 sessions for read:user,repo,user:email,workflow...
2026-06-28 10:17:36.658 [info] Getting sessions for all scopes...
2026-06-28 10:17:36.658 [info] Got 1 sessions for ...
2026-06-28 10:17:36.659 [info] Getting sessions for all scopes...
2026-06-28 10:17:36.659 [info] Got 1 sessions for ...
2026-06-28 10:17:36.661 [info] Getting sessions for read:user,repo,user:email,workflow...
2026-06-28 10:17:36.661 [info] Got 1 sessions for read:user,repo,user:email,workflow...
2026-06-28 10:18:32.298 [info] Getting sessions for all scopes...
2026-06-28 10:18:32.298 [info] Got 1 sessions for ...
2026-06-28 10:18:32.301 [info] Getting sessions for all scopes...
2026-06-28 10:18:32.301 [info] Got 1 sessions for ...
2026-06-28 10:20:19.489 [info] Getting sessions for all scopes...
2026-06-28 10:20:19.489 [info] Got 1 sessions for ...
2026-06-28 10:20:19.490 [info] Getting sessions for all scopes...
2026-06-28 10:20:19.490 [info] Got 1 sessions for ...
2026-06-28 10:20:50.375 [info] Getting sessions for all scopes...
2026-06-28 10:20:50.375 [info] Got 1 sessions for ...
2026-06-28 10:20:50.386 [info] Getting sessions for all scopes...
2026-06-28 10:20:50.386 [info] Got 1 sessions for ...
2026-06-28 10:20:54.243 [info] Getting sessions for all scopes...
2026-06-28 10:20:54.243 [info] Got 1 sessions for ...
2026-06-28 10:20:54.244 [info] Getting sessions for all scopes...
2026-06-28 10:20:54.244 [info] Got 1 sessions for ...
2026-06-28 10:21:43.955 [info] Getting sessions for all scopes...
2026-06-28 10:21:43.955 [info] Got 1 sessions for ...
2026-06-28 10:21:43.957 [info] Getting sessions for all scopes...
2026-06-28 10:21:43.957 [info] Got 1 sessions for ...
2026-06-28 10:21:48.725 [info] Getting sessions for all scopes...
2026-06-28 10:21:48.725 [info] Got 1 sessions for ...
2026-06-28 10:21:48.726 [info] Getting sessions for all scopes...
2026-06-28 10:21:48.726 [info] Got 1 sessions for ...
2026-06-28 10:21:52.094 [info] Getting sessions for all scopes...
2026-06-28 10:21:52.094 [info] Got 1 sessions for ...
2026-06-28 10:21:52.095 [info] Getting sessions for all scopes...
2026-06-28 10:21:52.095 [info] Got 1 sessions for ...
2026-06-28 10:22:30.986 [info] Getting sessions for all scopes...
2026-06-28 10:22:30.986 [info] Got 1 sessions for ...
2026-06-28 10:22:30.987 [info] Getting sessions for all scopes...
2026-06-28 10:22:30.987 [info] Got 1 sessions for ...
2026-06-28 10:22:49.117 [info] Getting sessions for all scopes...
2026-06-28 10:22:49.122 [info] Got 1 sessions for ...
2026-06-28 10:22:49.124 [info] Getting sessions for all scopes...
2026-06-28 10:22:49.124 [info] Got 1 sessions for ...
2026-06-28 10:22:59.498 [info] Getting sessions for all scopes...
2026-06-28 10:22:59.498 [info] Got 1 sessions for ...
2026-06-28 10:22:59.499 [info] Getting sessions for all scopes...
2026-06-28 10:22:59.499 [info] Got 1 sessions for ...
2026-06-28 10:23:00.187 [info] Getting sessions for all scopes...
2026-06-28 10:23:00.187 [info] Got 1 sessions for ...
2026-06-28 10:23:00.188 [info] Getting sessions for all scopes...
2026-06-28 10:23:00.188 [info] Got 1 sessions for ...
2026-06-28 10:23:21.583 [info] Getting sessions for all scopes...
2026-06-28 10:23:21.583 [info] Got 1 sessions for ...
2026-06-28 10:23:21.584 [info] Getting sessions for all scopes...
2026-06-28 10:23:21.584 [info] Got 1 sessions for ...
2026-06-28 10:23:23.203 [info] Getting sessions for all scopes...
2026-06-28 10:23:23.203 [info] Got 1 sessions for ...
2026-06-28 10:23:23.203 [info] Getting sessions for all scopes...
2026-06-28 10:23:23.203 [info] Got 1 sessions for ...
2026-06-28 10:24:40.103 [info] Getting sessions for all scopes...
2026-06-28 10:24:40.103 [info] Got 1 sessions for ...
2026-06-28 10:24:40.104 [info] Getting sessions for all scopes...
2026-06-28 10:24:40.104 [info] Got 1 sessions for ...
2026-06-28 10:24:43.082 [info] Getting sessions for all scopes...
2026-06-28 10:24:43.082 [info] Got 1 sessions for ...
2026-06-28 10:24:43.082 [info] Getting sessions for all scopes...
2026-06-28 10:24:43.082 [info] Got 1 sessions for ...
2026-06-28 10:24:58.500 [info] Getting sessions for all scopes...
2026-06-28 10:24:58.500 [info] Got 1 sessions for ...
2026-06-28 10:24:58.501 [info] Getting sessions for all scopes...
2026-06-28 10:24:58.501 [info] Got 1 sessions for ...
2026-06-28 10:25:06.547 [info] Getting sessions for all scopes...
2026-06-28 10:25:06.548 [info] Got 1 sessions for ...
2026-06-28 10:25:06.548 [info] Getting sessions for all scopes...
2026-06-28 10:25:06.548 [info] Got 1 sessions for ...
2026-06-28 10:25:18.072 [info] Getting sessions for all scopes...
2026-06-28 10:25:18.072 [info] Got 1 sessions for ...
2026-06-28 10:25:18.072 [info] Getting sessions for all scopes...
2026-06-28 10:25:18.072 [info] Got 1 sessions for ...
2026-06-28 10:25:35.493 [info] Getting sessions for all scopes...
2026-06-28 10:25:35.493 [info] Got 1 sessions for ...
2026-06-28 10:25:35.496 [info] Getting sessions for all scopes...
2026-06-28 10:25:35.496 [info] Got 1 sessions for ...
2026-06-28 10:25:45.576 [info] Getting sessions for all scopes...
2026-06-28 10:25:45.576 [info] Got 1 sessions for ...
2026-06-28 10:25:45.578 [info] Getting sessions for all scopes...
2026-06-28 10:25:45.578 [info] Got 1 sessions for ...
2026-06-28 10:31:10.561 [info] Getting sessions for all scopes...
2026-06-28 10:31:10.561 [info] Got 1 sessions for ...
2026-06-28 10:31:10.562 [info] Getting sessions for all scopes...
2026-06-28 10:31:10.562 [info] Got 1 sessions for ...
2026-06-28 10:31:12.690 [info] Getting sessions for all scopes...
2026-06-28 10:31:12.690 [info] Got 1 sessions for ...
2026-06-28 10:31:12.691 [info] Getting sessions for all scopes...
2026-06-28 10:31:12.692 [info] Got 1 sessions for ...
2026-06-28 10:32:20.738 [info] Getting sessions for all scopes...
2026-06-28 10:32:20.738 [info] Got 1 sessions for ...
2026-06-28 10:32:20.738 [info] Getting sessions for all scopes...
2026-06-28 10:32:20.738 [info] Got 1 sessions for ...
2026-06-28 11:00:15.705 [info] Getting sessions for all scopes...
2026-06-28 11:00:15.705 [info] Got 1 sessions for ...
2026-06-28 11:00:15.706 [info] Getting sessions for all scopes...
2026-06-28 11:00:15.706 [info] Got 1 sessions for ...
2026-06-28 11:00:18.588 [info] Getting sessions for all scopes...
2026-06-28 11:00:18.588 [info] Got 1 sessions for ...
2026-06-28 11:00:18.591 [info] Getting sessions for all scopes...
2026-06-28 11:00:18.591 [info] Got 1 sessions for ...
2026-06-28 11:03:17.514 [info] Getting sessions for all scopes...
2026-06-28 11:03:17.514 [info] Got 1 sessions for ...
2026-06-28 11:03:17.515 [info] Getting sessions for all scopes...
2026-06-28 11:03:17.515 [info] Got 1 sessions for ...
2026-06-28 11:03:43.812 [info] Getting sessions for all scopes...
2026-06-28 11:03:43.812 [info] Got 1 sessions for ...
2026-06-28 11:03:43.814 [info] Getting sessions for all scopes...
2026-06-28 11:03:43.814 [info] Got 1 sessions for ...
2026-06-28 11:04:17.912 [info] Getting sessions for all scopes...
2026-06-28 11:04:17.912 [info] Got 1 sessions for ...
2026-06-28 11:04:17.912 [info] Getting sessions for all scopes...
2026-06-28 11:04:17.912 [info] Got 1 sessions for ...
2026-06-28 11:05:20.326 [info] Getting sessions for all scopes...
2026-06-28 11:05:20.326 [info] Got 1 sessions for ...
2026-06-28 11:05:20.328 [info] Getting sessions for all scopes...
2026-06-28 11:05:20.328 [info] Got 1 sessions for ...
2026-06-28 11:05:58.787 [info] Getting sessions for all scopes...
2026-06-28 11:05:58.787 [info] Got 1 sessions for ...
2026-06-28 11:05:58.804 [info] Getting sessions for all scopes...
2026-06-28 11:05:58.804 [info] Got 1 sessions for ...
2026-06-28 11:06:25.996 [info] Getting sessions for all scopes...
2026-06-28 11:06:25.996 [info] Got 1 sessions for ...
2026-06-28 11:06:25.999 [info] Getting sessions for all scopes...
2026-06-28 11:06:25.999 [info] Got 1 sessions for ...
2026-06-28 11:07:14.338 [info] Getting sessions for all scopes...
2026-06-28 11:07:14.338 [info] Got 1 sessions for ...
2026-06-28 11:07:14.339 [info] Getting sessions for all scopes...
2026-06-28 11:07:14.339 [info] Got 1 sessions for ...
2026-06-28 11:07:24.741 [info] Getting sessions for all scopes...
2026-06-28 11:07:24.741 [info] Got 1 sessions for ...
2026-06-28 11:07:24.742 [info] Getting sessions for all scopes...
2026-06-28 11:07:24.742 [info] Got 1 sessions for ...
2026-06-28 11:08:05.245 [info] Getting sessions for all scopes...
2026-06-28 11:08:05.245 [info] Got 1 sessions for ...
2026-06-28 11:08:05.247 [info] Getting sessions for all scopes...
2026-06-28 11:08:05.247 [info] Got 1 sessions for ...
2026-06-28 11:09:10.798 [info] Getting sessions for all scopes...
2026-06-28 11:09:10.798 [info] Got 1 sessions for ...
2026-06-28 11:09:10.889 [info] Getting sessions for all scopes...
2026-06-28 11:09:10.889 [info] Got 1 sessions for ...
2026-06-28 11:11:06.383 [info] Getting sessions for all scopes...
2026-06-28 11:11:06.383 [info] Got 1 sessions for ...
2026-06-28 11:11:06.384 [info] Getting sessions for all scopes...
2026-06-28 11:11:06.384 [info] Got 1 sessions for ...
2026-06-28 11:11:11.288 [info] Getting sessions for all scopes...
2026-06-28 11:11:11.288 [info] Got 1 sessions for ...
2026-06-28 11:11:11.288 [info] Getting sessions for all scopes...
2026-06-28 11:11:11.288 [info] Got 1 sessions for ...
2026-06-28 11:11:30.978 [info] Getting sessions for all scopes...
2026-06-28 11:11:30.978 [info] Got 1 sessions for ...
2026-06-28 11:11:30.979 [info] Getting sessions for all scopes...
2026-06-28 11:11:30.979 [info] Got 1 sessions for ...
2026-06-28 11:11:43.325 [info] Getting sessions for all scopes...
2026-06-28 11:11:43.325 [info] Got 1 sessions for ...
2026-06-28 11:11:43.326 [info] Getting sessions for all scopes...
2026-06-28 11:11:43.326 [info] Got 1 sessions for ...
2026-06-28 11:12:10.446 [info] Getting sessions for all scopes...
2026-06-28 11:12:10.446 [info] Got 1 sessions for ...
2026-06-28 11:12:10.447 [info] Getting sessions for all scopes...
2026-06-28 11:12:10.447 [info] Got 1 sessions for ...
2026-06-28 11:12:40.120 [info] Getting sessions for all scopes...
2026-06-28 11:12:40.120 [info] Got 1 sessions for ...
2026-06-28 11:12:40.123 [info] Getting sessions for all scopes...
2026-06-28 11:12:40.123 [info] Got 1 sessions for ...
2026-06-28 16:50:25.948 [info] Getting sessions for all scopes...
2026-06-28 16:50:25.949 [info] Got 1 sessions for ...
2026-06-28 16:50:25.966 [info] Getting sessions for all scopes...
2026-06-28 16:50:25.966 [info] Got 1 sessions for ...
2026-06-28 16:50:29.398 [info] Getting sessions for all scopes...
2026-06-28 16:50:29.398 [info] Got 1 sessions for ...
2026-06-28 16:50:29.403 [info] Getting sessions for all scopes...
2026-06-28 16:50:29.403 [info] Got 1 sessions for ...
2026-06-28 17:00:46.951 [info] Getting sessions for all scopes...
2026-06-28 17:00:46.952 [info] Got 1 sessions for ...
2026-06-28 17:00:46.953 [info] Getting sessions for all scopes...
2026-06-28 17:00:46.953 [info] Got 1 sessions for ...
2026-06-28 17:00:48.025 [info] Getting sessions for all scopes...
2026-06-28 17:00:48.025 [info] Got 1 sessions for ...
2026-06-28 17:00:48.026 [info] Getting sessions for all scopes...
2026-06-28 17:00:48.026 [info] Got 1 sessions for ...
2026-06-28 17:02:43.700 [info] Getting sessions for all scopes...
2026-06-28 17:02:43.700 [info] Got 1 sessions for ...
2026-06-28 17:02:43.701 [info] Getting sessions for all scopes...
2026-06-28 17:02:43.701 [info] Got 1 sessions for ...
2026-06-28 17:02:47.548 [info] Getting sessions for all scopes...
2026-06-28 17:02:47.548 [info] Got 1 sessions for ...
2026-06-28 17:02:47.550 [info] Getting sessions for all scopes...
2026-06-28 17:02:47.550 [info] Got 1 sessions for ...
2026-06-28 17:09:19.703 [info] Getting sessions for all scopes...
2026-06-28 17:09:19.703 [info] Got 1 sessions for ...
2026-06-28 17:09:19.705 [info] Getting sessions for all scopes...
2026-06-28 17:09:19.705 [info] Got 1 sessions for ...
2026-06-28 17:09:37.313 [info] Getting sessions for all scopes...
2026-06-28 17:09:37.313 [info] Got 1 sessions for ...
2026-06-28 17:09:37.315 [info] Getting sessions for all scopes...
2026-06-28 17:09:37.315 [info] Got 1 sessions for ...
2026-06-28 17:14:41.344 [info] Getting sessions for all scopes...
2026-06-28 17:14:41.344 [info] Got 1 sessions for ...
2026-06-28 17:14:41.345 [info] Getting sessions for all scopes...
2026-06-28 17:14:41.345 [info] Got 1 sessions for ...
2026-06-28 17:15:11.411 [info] Getting sessions for all scopes...
2026-06-28 17:15:11.411 [info] Got 1 sessions for ...
2026-06-28 17:15:11.412 [info] Getting sessions for all scopes...
2026-06-28 17:15:11.412 [info] Got 1 sessions for ...
2026-06-28 17:15:24.761 [info] Getting sessions for all scopes...
2026-06-28 17:15:24.761 [info] Got 1 sessions for ...
2026-06-28 17:15:24.762 [info] Getting sessions for all scopes...
2026-06-28 17:15:24.762 [info] Got 1 sessions for ...
2026-06-28 17:15:41.751 [info] Getting sessions for all scopes...
2026-06-28 17:15:41.751 [info] Got 1 sessions for ...
2026-06-28 17:15:41.753 [info] Getting sessions for all scopes...
2026-06-28 17:15:41.754 [info] Got 1 sessions for ...
2026-06-28 17:16:16.207 [info] Getting sessions for all scopes...
2026-06-28 17:16:16.207 [info] Got 1 sessions for ...
2026-06-28 17:16:16.209 [info] Getting sessions for all scopes...
2026-06-28 17:16:16.209 [info] Got 1 sessions for ...
2026-06-28 17:16:28.470 [info] Getting sessions for all scopes...
2026-06-28 17:16:28.470 [info] Got 1 sessions for ...
2026-06-28 17:16:28.471 [info] Getting sessions for all scopes...
2026-06-28 17:16:28.471 [info] Got 1 sessions for ...
2026-06-28 17:16:50.419 [info] Getting sessions for all scopes...
2026-06-28 17:16:50.419 [info] Got 1 sessions for ...
2026-06-28 17:16:50.420 [info] Getting sessions for all scopes...
2026-06-28 17:16:50.420 [info] Got 1 sessions for ...
2026-06-28 17:17:10.371 [info] Getting sessions for all scopes...
2026-06-28 17:17:10.371 [info] Got 1 sessions for ...
2026-06-28 17:17:10.371 [info] Getting sessions for all scopes...
2026-06-28 17:17:10.371 [info] Got 1 sessions for ...
2026-06-28 17:17:20.596 [info] Getting sessions for all scopes...
2026-06-28 17:17:20.596 [info] Got 1 sessions for ...
2026-06-28 17:17:20.596 [info] Getting sessions for all scopes...
2026-06-28 17:17:20.596 [info] Got 1 sessions for ...
2026-06-28 17:17:52.190 [info] Getting sessions for all scopes...
2026-06-28 17:17:52.190 [info] Got 1 sessions for ...
2026-06-28 17:17:52.191 [info] Getting sessions for all scopes...
2026-06-28 17:17:52.191 [info] Got 1 sessions for ...
2026-06-28 17:17:55.330 [info] Getting sessions for all scopes...
2026-06-28 17:17:55.330 [info] Got 1 sessions for ...
2026-06-28 17:17:55.333 [info] Getting sessions for all scopes...
2026-06-28 17:17:55.333 [info] Got 1 sessions for ...
2026-06-28 17:17:56.018 [info] Getting sessions for all scopes...
2026-06-28 17:17:56.018 [info] Got 1 sessions for ...
2026-06-28 17:17:56.074 [info] Getting sessions for all scopes...
2026-06-28 17:17:56.074 [info] Got 1 sessions for ...
2026-06-28 17:18:07.794 [info] Getting sessions for all scopes...
2026-06-28 17:18:07.794 [info] Got 1 sessions for ...
2026-06-28 17:18:07.794 [info] Getting sessions for all scopes...
2026-06-28 17:18:07.794 [info] Got 1 sessions for ...
2026-06-28 17:18:08.297 [info] Getting sessions for all scopes...
2026-06-28 17:18:08.297 [info] Got 1 sessions for ...
2026-06-28 17:18:08.298 [info] Getting sessions for all scopes...
2026-06-28 17:18:08.298 [info] Got 1 sessions for ...
2026-06-28 17:18:31.672 [info] Getting sessions for all scopes...
2026-06-28 17:18:31.673 [info] Got 1 sessions for ...
2026-06-28 17:18:31.708 [info] Getting sessions for all scopes...
2026-06-28 17:18:31.708 [info] Got 1 sessions for ...
2026-06-28 17:18:54.214 [info] Getting sessions for all scopes...
2026-06-28 17:18:54.214 [info] Got 1 sessions for ...
2026-06-28 17:18:54.216 [info] Getting sessions for all scopes...
2026-06-28 17:18:54.216 [info] Got 1 sessions for ...
2026-06-28 17:23:27.058 [info] Getting sessions for all scopes...
2026-06-28 17:23:27.058 [info] Got 1 sessions for ...
2026-06-28 17:23:27.060 [info] Getting sessions for all scopes...
2026-06-28 17:23:27.060 [info] Got 1 sessions for ...
2026-06-28 17:23:28.259 [info] Getting sessions for all scopes...
2026-06-28 17:23:28.259 [info] Got 1 sessions for ...
2026-06-28 17:23:28.262 [info] Getting sessions for all scopes...
2026-06-28 17:23:28.262 [info] Got 1 sessions for ...
2026-06-28 17:23:29.988 [info] Getting sessions for all scopes...
2026-06-28 17:23:29.988 [info] Got 1 sessions for ...
2026-06-28 17:23:29.990 [info] Getting sessions for all scopes...
2026-06-28 17:23:29.990 [info] Got 1 sessions for ...
2026-06-28 17:23:40.652 [info] Getting sessions for all scopes...
2026-06-28 17:23:40.652 [info] Got 1 sessions for ...
2026-06-28 17:23:40.653 [info] Getting sessions for all scopes...
2026-06-28 17:23:40.653 [info] Got 1 sessions for ...
2026-06-28 17:30:15.389 [info] Getting sessions for all scopes...
2026-06-28 17:30:15.389 [info] Got 1 sessions for ...
2026-06-28 17:30:15.391 [info] Getting sessions for all scopes...
2026-06-28 17:30:15.391 [info] Got 1 sessions for ...
2026-06-28 17:31:36.349 [info] Getting sessions for all scopes...
2026-06-28 17:31:36.349 [info] Got 1 sessions for ...
2026-06-28 17:31:36.349 [info] Getting sessions for all scopes...
2026-06-28 17:31:36.349 [info] Got 1 sessions for ...
2026-06-28 17:31:41.260 [info] Getting sessions for all scopes...
2026-06-28 17:31:41.261 [info] Got 1 sessions for ...
2026-06-28 17:31:41.261 [info] Getting sessions for all scopes...
2026-06-28 17:31:41.261 [info] Got 1 sessions for ...
2026-06-28 17:31:45.488 [info] Getting sessions for all scopes...
2026-06-28 17:31:45.488 [info] Got 1 sessions for ...
2026-06-28 17:31:45.489 [info] Getting sessions for all scopes...
2026-06-28 17:31:45.489 [info] Got 1 sessions for ...
2026-06-28 17:32:01.300 [info] Getting sessions for all scopes...
2026-06-28 17:32:01.300 [info] Got 1 sessions for ...
2026-06-28 17:32:01.302 [info] Getting sessions for all scopes...
2026-06-28 17:32:01.302 [info] Got 1 sessions for ...
2026-06-28 17:32:43.106 [info] Getting sessions for all scopes...
2026-06-28 17:32:43.106 [info] Got 1 sessions for ...
2026-06-28 17:32:43.108 [info] Getting sessions for all scopes...
2026-06-28 17:32:43.108 [info] Got 1 sessions for ...
2026-06-28 17:32:43.641 [info] Getting sessions for all scopes...
2026-06-28 17:32:43.641 [info] Got 1 sessions for ...
2026-06-28 17:32:43.642 [info] Getting sessions for all scopes...
2026-06-28 17:32:43.642 [info] Got 1 sessions for ...
2026-06-28 17:32:43.970 [info] Getting sessions for all scopes...
2026-06-28 17:32:43.971 [info] Got 1 sessions for ...
2026-06-28 17:32:43.990 [info] Getting sessions for all scopes...
2026-06-28 17:32:43.990 [info] Got 1 sessions for ...
2026-06-28 17:32:44.243 [info] Getting sessions for all scopes...
2026-06-28 17:32:44.244 [info] Got 1 sessions for ...
2026-06-28 17:32:44.246 [info] Getting sessions for all scopes...
2026-06-28 17:32:44.246 [info] Got 1 sessions for ...
2026-06-28 17:32:44.802 [info] Getting sessions for all scopes...
2026-06-28 17:32:44.802 [info] Got 1 sessions for ...
2026-06-28 17:32:44.803 [info] Getting sessions for all scopes...
2026-06-28 17:32:44.803 [info] Got 1 sessions for ...
2026-06-28 17:33:19.338 [info] Getting sessions for all scopes...
2026-06-28 17:33:19.339 [info] Got 1 sessions for ...
2026-06-28 17:33:19.345 [info] Getting sessions for all scopes...
2026-06-28 17:33:19.345 [info] Got 1 sessions for ...
2026-06-28 17:33:21.058 [info] Getting sessions for all scopes...
2026-06-28 17:33:21.059 [info] Got 1 sessions for ...
2026-06-28 17:33:21.059 [info] Getting sessions for all scopes...
2026-06-28 17:33:21.059 [info] Got 1 sessions for ...
2026-06-28 17:33:21.711 [info] Getting sessions for all scopes...
2026-06-28 17:33:21.711 [info] Got 1 sessions for ...
2026-06-28 17:33:21.713 [info] Getting sessions for all scopes...
2026-06-28 17:33:21.713 [info] Got 1 sessions for ...
2026-06-28 17:34:09.979 [info] Getting sessions for all scopes...
2026-06-28 17:34:09.979 [info] Got 1 sessions for ...
2026-06-28 17:34:09.979 [info] Getting sessions for all scopes...
2026-06-28 17:34:09.979 [info] Got 1 sessions for ...
2026-06-28 17:37:27.334 [info] Getting sessions for all scopes...
2026-06-28 17:37:27.334 [info] Got 1 sessions for ...
2026-06-28 17:37:27.334 [info] Getting sessions for all scopes...
2026-06-28 17:37:27.334 [info] Got 1 sessions for ...
2026-06-28 17:39:33.793 [info] Getting sessions for all scopes...
2026-06-28 17:39:33.794 [info] Got 1 sessions for ...
2026-06-28 17:39:33.843 [info] Getting sessions for all scopes...
2026-06-28 17:39:33.843 [info] Got 1 sessions for ...
2026-06-28 17:39:51.576 [info] Getting sessions for all scopes...
2026-06-28 17:39:51.576 [info] Got 1 sessions for ...
2026-06-28 17:39:51.577 [info] Getting sessions for all scopes...
2026-06-28 17:39:51.577 [info] Got 1 sessions for ...
2026-06-28 17:40:00.654 [info] Getting sessions for all scopes...
2026-06-28 17:40:00.655 [info] Got 1 sessions for ...
2026-06-28 17:40:00.656 [info] Getting sessions for all scopes...
2026-06-28 17:40:00.656 [info] Got 1 sessions for ...
2026-06-28 17:40:36.270 [info] Getting sessions for all scopes...
2026-06-28 17:40:36.270 [info] Got 1 sessions for ...
2026-06-28 17:40:36.303 [info] Getting sessions for all scopes...
2026-06-28 17:40:36.303 [info] Got 1 sessions for ...
2026-06-28 17:40:42.041 [info] Getting sessions for all scopes...
2026-06-28 17:40:42.041 [info] Got 1 sessions for ...
2026-06-28 17:40:42.041 [info] Getting sessions for all scopes...
2026-06-28 17:40:42.041 [info] Got 1 sessions for ...
2026-06-28 17:43:17.386 [info] Getting sessions for all scopes...
2026-06-28 17:43:17.386 [info] Got 1 sessions for ...
2026-06-28 17:43:17.404 [info] Getting sessions for all scopes...
2026-06-28 17:43:17.404 [info] Got 1 sessions for ...
2026-06-28 17:45:15.288 [info] Getting sessions for all scopes...
2026-06-28 17:45:15.288 [info] Got 1 sessions for ...
2026-06-28 17:45:15.288 [info] Getting sessions for all scopes...
2026-06-28 17:45:15.288 [info] Got 1 sessions for ...
2026-06-28 17:45:56.624 [info] Getting sessions for all scopes...
2026-06-28 17:45:56.624 [info] Got 1 sessions for ...
2026-06-28 17:45:56.640 [info] Getting sessions for all scopes...
2026-06-28 17:45:56.640 [info] Got 1 sessions for ...
2026-06-28 17:46:03.649 [info] Getting sessions for all scopes...
2026-06-28 17:46:03.649 [info] Got 1 sessions for ...
2026-06-28 17:46:03.652 [info] Getting sessions for all scopes...
2026-06-28 17:46:03.652 [info] Got 1 sessions for ...
2026-06-28 17:46:35.874 [info] Getting sessions for all scopes...
2026-06-28 17:46:35.874 [info] Got 1 sessions for ...
2026-06-28 17:46:35.875 [info] Getting sessions for all scopes...
2026-06-28 17:46:35.875 [info] Got 1 sessions for ...
2026-06-28 17:47:10.863 [info] Getting sessions for all scopes...
2026-06-28 17:47:10.863 [info] Got 1 sessions for ...
2026-06-28 17:47:10.864 [info] Getting sessions for all scopes...
2026-06-28 17:47:10.864 [info] Got 1 sessions for ...
2026-06-28 17:47:23.657 [info] Getting sessions for all scopes...
2026-06-28 17:47:23.657 [info] Got 1 sessions for ...
2026-06-28 17:47:23.658 [info] Getting sessions for all scopes...
2026-06-28 17:47:23.658 [info] Got 1 sessions for ...
2026-06-28 17:48:46.678 [info] Getting sessions for all scopes...
2026-06-28 17:48:46.678 [info] Got 1 sessions for ...
2026-06-28 17:48:46.679 [info] Getting sessions for all scopes...
2026-06-28 17:48:46.680 [info] Got 1 sessions for ...
2026-06-28 17:48:47.046 [info] Getting sessions for all scopes...
2026-06-28 17:48:47.046 [info] Got 1 sessions for ...
2026-06-28 17:48:47.047 [info] Getting sessions for all scopes...
2026-06-28 17:48:47.047 [info] Got 1 sessions for ...
2026-06-28 17:48:47.360 [info] Getting sessions for all scopes...
2026-06-28 17:48:47.360 [info] Got 1 sessions for ...
2026-06-28 17:48:47.371 [info] Getting sessions for all scopes...
2026-06-28 17:48:47.371 [info] Got 1 sessions for ...
2026-06-28 17:48:47.751 [info] Getting sessions for all scopes...
2026-06-28 17:48:47.751 [info] Got 1 sessions for ...
2026-06-28 17:48:47.751 [info] Getting sessions for all scopes...
2026-06-28 17:48:47.751 [info] Got 1 sessions for ...
2026-06-28 17:48:48.180 [info] Getting sessions for all scopes...
2026-06-28 17:48:48.180 [info] Got 1 sessions for ...
2026-06-28 17:48:48.181 [info] Getting sessions for all scopes...
2026-06-28 17:48:48.181 [info] Got 1 sessions for ...
2026-06-28 17:48:48.491 [info] Getting sessions for all scopes...
2026-06-28 17:48:48.491 [info] Got 1 sessions for ...
2026-06-28 17:48:48.496 [info] Getting sessions for all scopes...
2026-06-28 17:48:48.496 [info] Got 1 sessions for ...
2026-06-28 17:48:48.894 [info] Getting sessions for all scopes...
2026-06-28 17:48:48.894 [info] Got 1 sessions for ...
2026-06-28 17:48:48.916 [info] Getting sessions for all scopes...
2026-06-28 17:48:48.917 [info] Got 1 sessions for ...
2026-06-28 17:48:49.219 [info] Getting sessions for all scopes...
2026-06-28 17:48:49.219 [info] Got 1 sessions for ...
2026-06-28 17:48:49.222 [info] Getting sessions for all scopes...
2026-06-28 17:48:49.222 [info] Got 1 sessions for ...
2026-06-28 17:48:49.681 [info] Getting sessions for all scopes...
2026-06-28 17:48:49.681 [info] Got 1 sessions for ...
2026-06-28 17:48:49.686 [info] Getting sessions for all scopes...
2026-06-28 17:48:49.686 [info] Got 1 sessions for ...
2026-06-28 17:48:50.183 [info] Getting sessions for all scopes...
2026-06-28 17:48:50.183 [info] Got 1 sessions for ...
2026-06-28 17:48:50.186 [info] Getting sessions for all scopes...
2026-06-28 17:48:50.186 [info] Got 1 sessions for ...
2026-06-28 17:51:21.439 [info] Getting sessions for all scopes...
2026-06-28 17:51:21.440 [info] Got 1 sessions for ...
2026-06-28 17:51:21.440 [info] Getting sessions for all scopes...
2026-06-28 17:51:21.440 [info] Got 1 sessions for ...
2026-06-28 17:54:33.798 [info] Getting sessions for all scopes...
2026-06-28 17:54:33.798 [info] Got 1 sessions for ...
2026-06-28 17:54:33.798 [info] Getting sessions for all scopes...
2026-06-28 17:54:33.798 [info] Got 1 sessions for ...
2026-06-28 17:54:41.264 [info] Getting sessions for all scopes...
2026-06-28 17:54:41.264 [info] Got 1 sessions for ...
2026-06-28 17:54:41.267 [info] Getting sessions for all scopes...
2026-06-28 17:54:41.267 [info] Got 1 sessions for ...
2026-06-28 17:54:52.955 [info] Getting sessions for all scopes...
2026-06-28 17:54:52.955 [info] Got 1 sessions for ...
2026-06-28 17:54:52.957 [info] Getting sessions for all scopes...
2026-06-28 17:54:52.957 [info] Got 1 sessions for ...
2026-06-28 17:57:19.678 [info] Getting sessions for all scopes...
2026-06-28 17:57:19.678 [info] Got 1 sessions for ...
2026-06-28 17:57:19.679 [info] Getting sessions for all scopes...
2026-06-28 17:57:19.679 [info] Got 1 sessions for ...
2026-06-28 17:57:27.425 [info] Getting sessions for all scopes...
2026-06-28 17:57:27.425 [info] Got 1 sessions for ...
2026-06-28 17:57:27.427 [info] Getting sessions for all scopes...
2026-06-28 17:57:27.427 [info] Got 1 sessions for ...
2026-06-28 17:57:58.316 [info] Getting sessions for all scopes...
2026-06-28 17:57:58.316 [info] Got 1 sessions for ...
2026-06-28 17:57:58.317 [info] Getting sessions for all scopes...
2026-06-28 17:57:58.317 [info] Got 1 sessions for ...
2026-06-28 17:58:06.750 [info] Getting sessions for all scopes...
2026-06-28 17:58:06.750 [info] Got 1 sessions for ...
2026-06-28 17:58:06.751 [info] Getting sessions for all scopes...
2026-06-28 17:58:06.751 [info] Got 1 sessions for ...
2026-06-28 17:58:24.484 [info] Getting sessions for all scopes...
2026-06-28 17:58:24.484 [info] Got 1 sessions for ...
2026-06-28 17:58:24.484 [info] Getting sessions for all scopes...
2026-06-28 17:58:24.484 [info] Got 1 sessions for ...
2026-06-28 18:44:19.890 [info] Getting sessions for all scopes...
2026-06-28 18:44:19.890 [info] Got 1 sessions for ...
2026-06-28 18:44:19.892 [info] Getting sessions for all scopes...
2026-06-28 18:44:19.892 [info] Got 1 sessions for ...
2026-06-28 18:44:38.480 [info] Getting sessions for all scopes...
2026-06-28 18:44:38.480 [info] Got 1 sessions for ...
2026-06-28 18:44:38.480 [info] Getting sessions for all scopes...
2026-06-28 18:44:38.480 [info] Got 1 sessions for ...
2026-06-28 18:46:34.078 [info] Getting sessions for all scopes...
2026-06-28 18:46:34.078 [info] Got 1 sessions for ...
2026-06-28 18:46:34.078 [info] Getting sessions for all scopes...
2026-06-28 18:46:34.078 [info] Got 1 sessions for ...
2026-06-28 18:46:34.626 [info] Getting sessions for all scopes...
2026-06-28 18:46:34.626 [info] Got 1 sessions for ...
2026-06-28 18:46:34.627 [info] Getting sessions for all scopes...
2026-06-28 18:46:34.627 [info] Got 1 sessions for ...
2026-06-28 18:46:45.538 [info] Getting sessions for all scopes...
2026-06-28 18:46:45.539 [info] Got 1 sessions for ...
2026-06-28 18:46:45.539 [info] Getting sessions for all scopes...
2026-06-28 18:46:45.539 [info] Got 1 sessions for ...
2026-06-28 18:47:47.435 [info] Getting sessions for all scopes...
2026-06-28 18:47:47.435 [info] Got 1 sessions for ...
2026-06-28 18:47:47.436 [info] Getting sessions for all scopes...
2026-06-28 18:47:47.436 [info] Got 1 sessions for ...
2026-06-28 18:47:48.845 [info] Getting sessions for all scopes...
2026-06-28 18:47:48.845 [info] Got 1 sessions for ...
2026-06-28 18:47:48.846 [info] Getting sessions for all scopes...
2026-06-28 18:47:48.846 [info] Got 1 sessions for ...
2026-06-28 18:47:51.307 [info] Getting sessions for all scopes...
2026-06-28 18:47:51.307 [info] Got 1 sessions for ...
2026-06-28 18:47:51.308 [info] Getting sessions for all scopes...
2026-06-28 18:47:51.308 [info] Got 1 sessions for ...
2026-06-28 18:48:04.314 [info] Getting sessions for all scopes...
2026-06-28 18:48:04.314 [info] Got 1 sessions for ...
2026-06-28 18:48:04.316 [info] Getting sessions for all scopes...
2026-06-28 18:48:04.316 [info] Got 1 sessions for ...
2026-06-28 18:48:18.054 [info] Getting sessions for all scopes...
2026-06-28 18:48:18.055 [info] Got 1 sessions for ...
2026-06-28 18:48:18.057 [info] Getting sessions for all scopes...
2026-06-28 18:48:18.057 [info] Got 1 sessions for ...
2026-06-28 18:48:27.903 [info] Getting sessions for all scopes...
2026-06-28 18:48:27.903 [info] Got 1 sessions for ...
2026-06-28 18:48:27.905 [info] Getting sessions for all scopes...
2026-06-28 18:48:27.905 [info] Got 1 sessions for ...
2026-06-28 18:50:15.885 [info] Getting sessions for all scopes...
2026-06-28 18:50:15.885 [info] Got 1 sessions for ...
2026-06-28 18:50:15.935 [info] Getting sessions for all scopes...
2026-06-28 18:50:15.937 [info] Got 1 sessions for ...
2026-06-28 18:50:24.451 [info] Getting sessions for all scopes...
2026-06-28 18:50:24.451 [info] Got 1 sessions for ...
2026-06-28 18:50:24.453 [info] Getting sessions for all scopes...
2026-06-28 18:50:24.453 [info] Got 1 sessions for ...
2026-06-28 18:50:26.620 [info] Getting sessions for all scopes...
2026-06-28 18:50:26.621 [info] Got 1 sessions for ...
2026-06-28 18:50:26.639 [info] Getting sessions for all scopes...
2026-06-28 18:50:26.640 [info] Got 1 sessions for ...
2026-06-28 18:50:27.365 [info] Getting sessions for all scopes...
2026-06-28 18:50:27.365 [info] Got 1 sessions for ...
2026-06-28 18:50:27.381 [info] Getting sessions for all scopes...
2026-06-28 18:50:27.381 [info] Got 1 sessions for ...
2026-06-28 18:50:28.590 [info] Getting sessions for all scopes...
2026-06-28 18:50:28.590 [info] Got 1 sessions for ...
2026-06-28 18:50:28.591 [info] Getting sessions for all scopes...
2026-06-28 18:50:28.591 [info] Got 1 sessions for ...
2026-06-28 18:50:36.056 [info] Getting sessions for all scopes...
2026-06-28 18:50:36.056 [info] Got 1 sessions for ...
2026-06-28 18:50:36.057 [info] Getting sessions for all scopes...
2026-06-28 18:50:36.057 [info] Got 1 sessions for ...
2026-06-28 18:50:38.493 [info] Getting sessions for all scopes...
2026-06-28 18:50:38.493 [info] Got 1 sessions for ...
2026-06-28 18:50:38.494 [info] Getting sessions for all scopes...
2026-06-28 18:50:38.494 [info] Got 1 sessions for ...
2026-06-28 18:50:39.875 [info] Getting sessions for all scopes...
2026-06-28 18:50:39.876 [info] Got 1 sessions for ...
2026-06-28 18:50:39.878 [info] Getting sessions for all scopes...
2026-06-28 18:50:39.878 [info] Got 1 sessions for ...
2026-06-28 18:50:47.968 [info] Getting sessions for all scopes...
2026-06-28 18:50:47.968 [info] Got 1 sessions for ...
2026-06-28 18:50:47.970 [info] Getting sessions for all scopes...
2026-06-28 18:50:47.970 [info] Got 1 sessions for ...
2026-06-28 18:50:48.359 [info] Getting sessions for all scopes...
2026-06-28 18:50:48.359 [info] Got 1 sessions for ...
2026-06-28 18:50:48.362 [info] Getting sessions for all scopes...
2026-06-28 18:50:48.362 [info] Got 1 sessions for ...
2026-06-28 18:50:48.650 [info] Getting sessions for all scopes...
2026-06-28 18:50:48.650 [info] Got 1 sessions for ...
2026-06-28 18:50:48.665 [info] Getting sessions for all scopes...
2026-06-28 18:50:48.665 [info] Got 1 sessions for ...
2026-06-28 18:50:49.253 [info] Getting sessions for all scopes...
2026-06-28 18:50:49.253 [info] Got 1 sessions for ...
2026-06-28 18:50:49.276 [info] Getting sessions for all scopes...
2026-06-28 18:50:49.276 [info] Got 1 sessions for ...
2026-06-28 18:50:49.638 [info] Getting sessions for all scopes...
2026-06-28 18:50:49.638 [info] Got 1 sessions for ...
2026-06-28 18:50:49.640 [info] Getting sessions for all scopes...
2026-06-28 18:50:49.640 [info] Got 1 sessions for ...
2026-06-28 18:51:48.425 [info] Getting sessions for all scopes...
2026-06-28 18:51:48.425 [info] Got 1 sessions for ...
2026-06-28 18:51:48.430 [info] Getting sessions for all scopes...
2026-06-28 18:51:48.430 [info] Got 1 sessions for ...
2026-06-28 18:52:43.506 [info] Getting sessions for all scopes...
2026-06-28 18:52:43.506 [info] Got 1 sessions for ...
2026-06-28 18:52:43.532 [info] Getting sessions for all scopes...
2026-06-28 18:52:43.532 [info] Got 1 sessions for ...
2026-06-28 18:52:55.248 [info] Getting sessions for all scopes...
2026-06-28 18:52:55.248 [info] Got 1 sessions for ...
2026-06-28 18:52:55.249 [info] Getting sessions for all scopes...
2026-06-28 18:52:55.249 [info] Got 1 sessions for ...
2026-06-28 18:54:21.895 [info] Getting sessions for all scopes...
2026-06-28 18:54:21.895 [info] Got 1 sessions for ...
2026-06-28 18:54:21.899 [info] Getting sessions for all scopes...
2026-06-28 18:54:21.899 [info] Got 1 sessions for ...
2026-06-28 18:54:24.038 [info] Getting sessions for all scopes...
2026-06-28 18:54:24.038 [info] Got 1 sessions for ...
2026-06-28 18:54:24.040 [info] Getting sessions for all scopes...
2026-06-28 18:54:24.040 [info] Got 1 sessions for ...
2026-06-28 18:54:25.512 [info] Getting sessions for all scopes...
2026-06-28 18:54:25.512 [info] Got 1 sessions for ...
2026-06-28 18:54:25.512 [info] Getting sessions for all scopes...
2026-06-28 18:54:25.512 [info] Got 1 sessions for ...
2026-06-28 18:54:43.488 [info] Getting sessions for all scopes...
2026-06-28 18:54:43.488 [info] Got 1 sessions for ...
2026-06-28 18:54:43.490 [info] Getting sessions for all scopes...
2026-06-28 18:54:43.490 [info] Got 1 sessions for ...
2026-06-28 18:55:22.161 [info] Getting sessions for all scopes...
2026-06-28 18:55:22.161 [info] Got 1 sessions for ...
2026-06-28 18:55:22.162 [info] Getting sessions for all scopes...
2026-06-28 18:55:22.162 [info] Got 1 sessions for ...
2026-06-28 18:55:23.333 [info] Getting sessions for all scopes...
2026-06-28 18:55:23.333 [info] Got 1 sessions for ...
2026-06-28 18:55:23.351 [info] Getting sessions for all scopes...
2026-06-28 18:55:23.351 [info] Got 1 sessions for ...
2026-06-28 18:55:25.029 [info] Getting sessions for all scopes...
2026-06-28 18:55:25.029 [info] Got 1 sessions for ...
2026-06-28 18:55:25.042 [info] Getting sessions for all scopes...
2026-06-28 18:55:25.042 [info] Got 1 sessions for ...
2026-06-28 18:55:25.644 [info] Getting sessions for all scopes...
2026-06-28 18:55:25.644 [info] Got 1 sessions for ...
2026-06-28 18:55:25.648 [info] Getting sessions for all scopes...
2026-06-28 18:55:25.648 [info] Got 1 sessions for ...
2026-06-28 18:55:26.174 [info] Getting sessions for all scopes...
2026-06-28 18:55:26.174 [info] Got 1 sessions for ...
2026-06-28 18:55:26.177 [info] Getting sessions for all scopes...
2026-06-28 18:55:26.177 [info] Got 1 sessions for ...
2026-06-28 18:55:27.866 [info] Getting sessions for all scopes...
2026-06-28 18:55:27.866 [info] Got 1 sessions for ...
2026-06-28 18:55:27.873 [info] Getting sessions for all scopes...
2026-06-28 18:55:27.874 [info] Got 1 sessions for ...
2026-06-28 18:55:54.463 [info] Getting sessions for all scopes...
2026-06-28 18:55:54.463 [info] Got 1 sessions for ...
2026-06-28 18:55:54.481 [info] Getting sessions for all scopes...
2026-06-28 18:55:54.481 [info] Got 1 sessions for ...
2026-06-28 18:55:55.322 [info] Getting sessions for all scopes...
2026-06-28 18:55:55.322 [info] Got 1 sessions for ...
2026-06-28 18:55:55.341 [info] Getting sessions for all scopes...
2026-06-28 18:55:55.341 [info] Got 1 sessions for ...
2026-06-28 18:55:57.091 [info] Getting sessions for all scopes...
2026-06-28 18:55:57.091 [info] Got 1 sessions for ...
2026-06-28 18:55:57.096 [info] Getting sessions for all scopes...
2026-06-28 18:55:57.096 [info] Got 1 sessions for ...
2026-06-28 18:55:57.670 [info] Getting sessions for all scopes...
2026-06-28 18:55:57.670 [info] Got 1 sessions for ...
2026-06-28 18:55:57.673 [info] Getting sessions for all scopes...
2026-06-28 18:55:57.673 [info] Got 1 sessions for ...
2026-06-28 18:55:58.173 [info] Getting sessions for all scopes...
2026-06-28 18:55:58.174 [info] Got 1 sessions for ...
2026-06-28 18:55:58.175 [info] Getting sessions for all scopes...
2026-06-28 18:55:58.175 [info] Got 1 sessions for ...
2026-06-28 18:56:13.987 [info] Getting sessions for all scopes...
2026-06-28 18:56:13.988 [info] Got 1 sessions for ...
2026-06-28 18:56:13.989 [info] Getting sessions for all scopes...
2026-06-28 18:56:13.989 [info] Got 1 sessions for ...
2026-06-28 18:56:16.043 [info] Getting sessions for all scopes...
2026-06-28 18:56:16.043 [info] Got 1 sessions for ...
2026-06-28 18:56:16.059 [info] Getting sessions for all scopes...
2026-06-28 18:56:16.059 [info] Got 1 sessions for ...
2026-06-28 18:56:16.998 [info] Getting sessions for all scopes...
2026-06-28 18:56:16.998 [info] Got 1 sessions for ...
2026-06-28 18:56:16.999 [info] Getting sessions for all scopes...
2026-06-28 18:56:16.999 [info] Got 1 sessions for ...
2026-06-28 18:56:17.492 [info] Getting sessions for all scopes...
2026-06-28 18:56:17.492 [info] Got 1 sessions for ...
2026-06-28 18:56:17.493 [info] Getting sessions for all scopes...
2026-06-28 18:56:17.493 [info] Got 1 sessions for ...
2026-06-28 18:56:18.666 [info] Getting sessions for all scopes...
2026-06-28 18:56:18.666 [info] Got 1 sessions for ...
2026-06-28 18:56:18.668 [info] Getting sessions for all scopes...
2026-06-28 18:56:18.668 [info] Got 1 sessions for ...
2026-06-28 18:57:49.151 [info] Getting sessions for all scopes...
2026-06-28 18:57:49.151 [info] Got 1 sessions for ...
2026-06-28 18:57:49.159 [info] Getting sessions for all scopes...
2026-06-28 18:57:49.159 [info] Got 1 sessions for ...
2026-06-28 19:03:20.803 [info] Getting sessions for all scopes...
2026-06-28 19:03:20.803 [info] Got 1 sessions for ...
2026-06-28 19:03:20.805 [info] Getting sessions for all scopes...
2026-06-28 19:03:20.805 [info] Got 1 sessions for ...
2026-06-28 19:04:35.696 [info] Getting sessions for all scopes...
2026-06-28 19:04:35.696 [info] Got 1 sessions for ...
2026-06-28 19:04:35.698 [info] Getting sessions for all scopes...
2026-06-28 19:04:35.698 [info] Got 1 sessions for ...
2026-06-28 19:04:36.341 [info] Getting sessions for all scopes...
2026-06-28 19:04:36.341 [info] Got 1 sessions for ...
2026-06-28 19:04:36.342 [info] Getting sessions for all scopes...
2026-06-28 19:04:36.342 [info] Got 1 sessions for ...
2026-06-28 19:06:19.795 [info] Getting sessions for all scopes...
2026-06-28 19:06:19.795 [info] Got 1 sessions for ...
2026-06-28 19:06:19.810 [info] Getting sessions for all scopes...
2026-06-28 19:06:19.811 [info] Got 1 sessions for ...
2026-06-28 19:06:21.735 [info] Getting sessions for all scopes...
2026-06-28 19:06:21.735 [info] Got 1 sessions for ...
2026-06-28 19:06:21.736 [info] Getting sessions for all scopes...
2026-06-28 19:06:21.736 [info] Got 1 sessions for ...
2026-06-28 19:06:22.372 [info] Getting sessions for all scopes...
2026-06-28 19:06:22.372 [info] Got 1 sessions for ...
2026-06-28 19:06:22.373 [info] Getting sessions for all scopes...
2026-06-28 19:06:22.373 [info] Got 1 sessions for ...
2026-06-28 19:07:45.968 [info] Getting sessions for all scopes...
2026-06-28 19:07:45.968 [info] Got 1 sessions for ...
2026-06-28 19:07:45.969 [info] Getting sessions for all scopes...
2026-06-28 19:07:45.969 [info] Got 1 sessions for ...
2026-06-28 19:08:08.744 [info] Getting sessions for all scopes...
2026-06-28 19:08:08.744 [info] Got 1 sessions for ...
2026-06-28 19:08:08.745 [info] Getting sessions for all scopes...
2026-06-28 19:08:08.746 [info] Got 1 sessions for ...
2026-06-28 19:08:09.241 [info] Getting sessions for all scopes...
2026-06-28 19:08:09.241 [info] Got 1 sessions for ...
2026-06-28 19:08:09.242 [info] Getting sessions for all scopes...
2026-06-28 19:08:09.242 [info] Got 1 sessions for ...
2026-06-28 19:10:26.763 [info] Getting sessions for all scopes...
2026-06-28 19:10:26.763 [info] Got 1 sessions for ...
2026-06-28 19:10:26.764 [info] Getting sessions for all scopes...
2026-06-28 19:10:26.764 [info] Got 1 sessions for ...
2026-06-28 19:10:28.213 [info] Getting sessions for all scopes...
2026-06-28 19:10:28.213 [info] Got 1 sessions for ...
2026-06-28 19:10:28.215 [info] Getting sessions for all scopes...
2026-06-28 19:10:28.215 [info] Got 1 sessions for ...
2026-06-28 19:10:37.707 [info] Getting sessions for all scopes...
2026-06-28 19:10:37.707 [info] Got 1 sessions for ...
2026-06-28 19:10:37.708 [info] Getting sessions for all scopes...
2026-06-28 19:10:37.708 [info] Got 1 sessions for ...
2026-06-28 19:10:38.713 [info] Getting sessions for all scopes...
2026-06-28 19:10:38.714 [info] Got 1 sessions for ...
2026-06-28 19:10:38.715 [info] Getting sessions for all scopes...
2026-06-28 19:10:38.715 [info] Got 1 sessions for ...
2026-06-28 19:11:10.595 [info] Getting sessions for all scopes...
2026-06-28 19:11:10.595 [info] Got 1 sessions for ...
2026-06-28 19:11:10.609 [info] Getting sessions for all scopes...
2026-06-28 19:11:10.609 [info] Got 1 sessions for ...
2026-06-28 19:11:12.210 [info] Getting sessions for all scopes...
2026-06-28 19:11:12.210 [info] Got 1 sessions for ...
2026-06-28 19:11:12.210 [info] Getting sessions for all scopes...
2026-06-28 19:11:12.211 [info] Got 1 sessions for ...
2026-06-28 19:16:18.844 [info] Getting sessions for all scopes...
2026-06-28 19:16:18.844 [info] Got 1 sessions for ...
2026-06-28 19:16:18.844 [info] Getting sessions for all scopes...
2026-06-28 19:16:18.844 [info] Got 1 sessions for ...
2026-06-28 19:16:55.597 [info] Getting sessions for all scopes...
2026-06-28 19:16:55.597 [info] Got 1 sessions for ...
2026-06-28 19:16:55.600 [info] Getting sessions for all scopes...
2026-06-28 19:16:55.601 [info] Got 1 sessions for ...
2026-06-28 19:16:57.849 [info] Getting sessions for all scopes...
2026-06-28 19:16:57.849 [info] Got 1 sessions for ...
2026-06-28 19:16:57.853 [info] Getting sessions for all scopes...
2026-06-28 19:16:57.853 [info] Got 1 sessions for ...
2026-06-28 19:16:59.521 [info] Getting sessions for all scopes...
2026-06-28 19:16:59.521 [info] Got 1 sessions for ...
2026-06-28 19:16:59.523 [info] Getting sessions for all scopes...
2026-06-28 19:16:59.523 [info] Got 1 sessions for ...
2026-06-28 19:37:01.384 [info] Getting sessions for all scopes...
2026-06-28 19:37:01.384 [info] Got 1 sessions for ...
2026-06-28 19:37:01.384 [info] Getting sessions for all scopes...
2026-06-28 19:37:01.384 [info] Got 1 sessions for ...
2026-06-28 19:38:04.218 [info] Getting sessions for all scopes...
2026-06-28 19:38:04.218 [info] Got 1 sessions for ...
2026-06-28 19:38:04.219 [info] Getting sessions for all scopes...
2026-06-28 19:38:04.219 [info] Got 1 sessions for ...
2026-06-28 19:38:16.431 [info] Getting sessions for all scopes...
2026-06-28 19:38:16.431 [info] Got 1 sessions for ...
2026-06-28 19:38:16.436 [info] Getting sessions for all scopes...
2026-06-28 19:38:16.436 [info] Got 1 sessions for ...
2026-06-28 19:38:32.924 [info] Getting sessions for all scopes...
2026-06-28 19:38:32.924 [info] Got 1 sessions for ...
2026-06-28 19:38:32.924 [info] Getting sessions for all scopes...
2026-06-28 19:38:32.924 [info] Got 1 sessions for ...
2026-06-28 19:41:00.822 [info] Getting sessions for all scopes...
2026-06-28 19:41:00.822 [info] Got 1 sessions for ...
2026-06-28 19:41:00.823 [info] Getting sessions for all scopes...
2026-06-28 19:41:00.823 [info] Got 1 sessions for ...
2026-06-28 19:41:31.483 [info] Getting sessions for all scopes...
2026-06-28 19:41:31.483 [info] Got 1 sessions for ...
2026-06-28 19:41:31.495 [info] Getting sessions for all scopes...
2026-06-28 19:41:31.496 [info] Got 1 sessions for ...
2026-06-28 19:41:44.070 [info] Getting sessions for all scopes...
2026-06-28 19:41:44.070 [info] Got 1 sessions for ...
2026-06-28 19:41:44.071 [info] Getting sessions for all scopes...
2026-06-28 19:41:44.071 [info] Got 1 sessions for ...
2026-06-28 19:41:55.641 [info] Getting sessions for all scopes...
2026-06-28 19:41:55.641 [info] Got 1 sessions for ...
2026-06-28 19:41:55.645 [info] Getting sessions for all scopes...
2026-06-28 19:41:55.645 [info] Got 1 sessions for ...
2026-06-28 19:42:08.693 [info] Getting sessions for all scopes...
2026-06-28 19:42:08.693 [info] Got 1 sessions for ...
2026-06-28 19:42:08.694 [info] Getting sessions for all scopes...
2026-06-28 19:42:08.694 [info] Got 1 sessions for ...
2026-06-28 19:43:09.561 [info] Getting sessions for all scopes...
2026-06-28 19:43:09.561 [info] Got 1 sessions for ...
2026-06-28 19:43:09.579 [info] Getting sessions for all scopes...
2026-06-28 19:43:09.579 [info] Got 1 sessions for ...
2026-06-28 19:43:29.472 [info] Getting sessions for all scopes...
2026-06-28 19:43:29.472 [info] Got 1 sessions for ...
2026-06-28 19:43:29.474 [info] Getting sessions for all scopes...
2026-06-28 19:43:29.474 [info] Got 1 sessions for ...
2026-06-28 19:43:46.078 [info] Getting sessions for all scopes...
2026-06-28 19:43:46.078 [info] Got 1 sessions for ...
2026-06-28 19:43:46.080 [info] Getting sessions for all scopes...
2026-06-28 19:43:46.080 [info] Got 1 sessions for ...
2026-06-28 19:44:03.297 [info] Getting sessions for all scopes...
2026-06-28 19:44:03.297 [info] Got 1 sessions for ...
2026-06-28 19:44:03.302 [info] Getting sessions for all scopes...
2026-06-28 19:44:03.302 [info] Got 1 sessions for ...
2026-06-28 19:45:03.184 [info] Getting sessions for all scopes...
2026-06-28 19:45:03.184 [info] Got 1 sessions for ...
2026-06-28 19:45:03.224 [info] Getting sessions for all scopes...
2026-06-28 19:45:03.224 [info] Got 1 sessions for ...
2026-06-28 19:45:06.170 [info] Getting sessions for all scopes...
2026-06-28 19:45:06.170 [info] Got 1 sessions for ...
2026-06-28 19:45:06.171 [info] Getting sessions for all scopes...
2026-06-28 19:45:06.171 [info] Got 1 sessions for ...
2026-06-28 19:45:07.683 [info] Getting sessions for all scopes...
2026-06-28 19:45:07.683 [info] Got 1 sessions for ...
2026-06-28 19:45:07.684 [info] Getting sessions for all scopes...
2026-06-28 19:45:07.684 [info] Got 1 sessions for ...
2026-06-28 19:45:13.788 [info] Getting sessions for all scopes...
2026-06-28 19:45:13.789 [info] Got 1 sessions for ...
2026-06-28 19:45:13.792 [info] Getting sessions for all scopes...
2026-06-28 19:45:13.792 [info] Got 1 sessions for ...
2026-06-28 19:46:25.033 [info] Getting sessions for all scopes...
2026-06-28 19:46:25.033 [info] Got 1 sessions for ...
2026-06-28 19:46:25.078 [info] Getting sessions for all scopes...
2026-06-28 19:46:25.078 [info] Got 1 sessions for ...
2026-06-28 19:46:25.839 [info] Getting sessions for all scopes...
2026-06-28 19:46:25.839 [info] Got 1 sessions for ...
2026-06-28 19:46:25.873 [info] Getting sessions for all scopes...
2026-06-28 19:46:25.873 [info] Got 1 sessions for ...
2026-06-28 19:46:31.552 [info] Getting sessions for all scopes...
2026-06-28 19:46:31.552 [info] Got 1 sessions for ...
2026-06-28 19:46:31.582 [info] Getting sessions for all scopes...
2026-06-28 19:46:31.582 [info] Got 1 sessions for ...
2026-06-28 19:46:37.158 [info] Getting sessions for all scopes...
2026-06-28 19:46:37.158 [info] Got 1 sessions for ...
2026-06-28 19:46:37.181 [info] Getting sessions for all scopes...
2026-06-28 19:46:37.181 [info] Got 1 sessions for ...
2026-06-28 19:46:42.741 [info] Getting sessions for all scopes...
2026-06-28 19:46:42.741 [info] Got 1 sessions for ...
2026-06-28 19:46:42.746 [info] Getting sessions for all scopes...
2026-06-28 19:46:42.746 [info] Got 1 sessions for ...
2026-06-28 19:47:00.823 [info] Getting sessions for all scopes...
2026-06-28 19:47:00.823 [info] Got 1 sessions for ...
2026-06-28 19:47:00.834 [info] Getting sessions for all scopes...
2026-06-28 19:47:00.834 [info] Got 1 sessions for ...
2026-06-28 19:47:06.869 [info] Getting sessions for all scopes...
2026-06-28 19:47:06.869 [info] Got 1 sessions for ...
2026-06-28 19:47:06.870 [info] Getting sessions for all scopes...
2026-06-28 19:47:06.870 [info] Got 1 sessions for ...
2026-06-28 19:47:44.055 [info] Getting sessions for all scopes...
2026-06-28 19:47:44.055 [info] Got 1 sessions for ...
2026-06-28 19:47:44.090 [info] Getting sessions for all scopes...
2026-06-28 19:47:44.090 [info] Got 1 sessions for ...
2026-06-28 19:47:52.325 [info] Getting sessions for all scopes...
2026-06-28 19:47:52.325 [info] Got 1 sessions for ...
2026-06-28 19:47:52.327 [info] Getting sessions for all scopes...
2026-06-28 19:47:52.327 [info] Got 1 sessions for ...
2026-06-28 19:48:28.291 [info] Getting sessions for all scopes...
2026-06-28 19:48:28.292 [info] Got 1 sessions for ...
2026-06-28 19:48:28.292 [info] Getting sessions for all scopes...
2026-06-28 19:48:28.292 [info] Got 1 sessions for ...
2026-06-28 19:48:29.073 [info] Getting sessions for all scopes...
2026-06-28 19:48:29.073 [info] Got 1 sessions for ...
2026-06-28 19:48:29.073 [info] Getting sessions for all scopes...
2026-06-28 19:48:29.073 [info] Got 1 sessions for ...
2026-06-28 19:48:59.557 [info] Getting sessions for all scopes...
2026-06-28 19:48:59.557 [info] Got 1 sessions for ...
2026-06-28 19:48:59.559 [info] Getting sessions for all scopes...
2026-06-28 19:48:59.559 [info] Got 1 sessions for ...
2026-06-28 19:49:24.389 [info] Getting sessions for all scopes...
2026-06-28 19:49:24.389 [info] Got 1 sessions for ...
2026-06-28 19:49:24.404 [info] Getting sessions for all scopes...
2026-06-28 19:49:24.404 [info] Got 1 sessions for ...
2026-06-28 19:49:24.987 [info] Getting sessions for all scopes...
2026-06-28 19:49:24.987 [info] Got 1 sessions for ...
2026-06-28 19:49:24.991 [info] Getting sessions for all scopes...
2026-06-28 19:49:24.991 [info] Got 1 sessions for ...
2026-06-28 19:49:41.231 [info] Getting sessions for all scopes...
2026-06-28 19:49:41.231 [info] Got 1 sessions for ...
2026-06-28 19:49:41.233 [info] Getting sessions for all scopes...
2026-06-28 19:49:41.233 [info] Got 1 sessions for ...
2026-06-28 19:49:55.941 [info] Getting sessions for all scopes...
2026-06-28 19:49:55.941 [info] Got 1 sessions for ...
2026-06-28 19:49:55.963 [info] Getting sessions for all scopes...
2026-06-28 19:49:55.963 [info] Got 1 sessions for ...
2026-06-28 19:51:26.402 [info] Getting sessions for all scopes...
2026-06-28 19:51:26.402 [info] Got 1 sessions for ...
2026-06-28 19:51:26.402 [info] Getting sessions for all scopes...
2026-06-28 19:51:26.402 [info] Got 1 sessions for ...
2026-06-28 19:53:58.144 [info] Getting sessions for all scopes...
2026-06-28 19:53:58.144 [info] Got 1 sessions for ...
2026-06-28 19:53:58.144 [info] Getting sessions for all scopes...
2026-06-28 19:53:58.144 [info] Got 1 sessions for ...
2026-06-28 19:55:34.039 [info] Getting sessions for all scopes...
2026-06-28 19:55:34.039 [info] Got 1 sessions for ...
2026-06-28 19:55:34.047 [info] Getting sessions for all scopes...
2026-06-28 19:55:34.047 [info] Got 1 sessions for ...
2026-06-28 19:55:35.826 [info] Getting sessions for all scopes...
2026-06-28 19:55:35.826 [info] Got 1 sessions for ...
2026-06-28 19:55:35.829 [info] Getting sessions for all scopes...
2026-06-28 19:55:35.829 [info] Got 1 sessions for ...
2026-06-28 20:03:44.448 [info] Getting sessions for all scopes...
2026-06-28 20:03:44.448 [info] Got 1 sessions for ...
2026-06-28 20:03:44.450 [info] Getting sessions for all scopes...
2026-06-28 20:03:44.450 [info] Got 1 sessions for ...
2026-06-28 20:03:46.048 [info] Getting sessions for all scopes...
2026-06-28 20:03:46.048 [info] Got 1 sessions for ...
2026-06-28 20:03:46.054 [info] Getting sessions for all scopes...
2026-06-28 20:03:46.054 [info] Got 1 sessions for ...
2026-06-28 20:03:50.352 [info] Getting sessions for all scopes...
2026-06-28 20:03:50.352 [info] Got 1 sessions for ...
2026-06-28 20:03:50.353 [info] Getting sessions for all scopes...
2026-06-28 20:03:50.353 [info] Got 1 sessions for ...
2026-06-28 20:03:52.608 [info] Getting sessions for all scopes...
2026-06-28 20:03:52.608 [info] Got 1 sessions for ...
2026-06-28 20:03:52.608 [info] Getting sessions for all scopes...
2026-06-28 20:03:52.608 [info] Got 1 sessions for ...
2026-06-28 20:03:59.165 [info] Getting sessions for all scopes...
2026-06-28 20:03:59.165 [info] Got 1 sessions for ...
2026-06-28 20:03:59.166 [info] Getting sessions for all scopes...
2026-06-28 20:03:59.166 [info] Got 1 sessions for ...
2026-06-28 20:04:10.259 [info] Getting sessions for all scopes...
2026-06-28 20:04:10.259 [info] Got 1 sessions for ...
2026-06-28 20:04:10.261 [info] Getting sessions for all scopes...
2026-06-28 20:04:10.261 [info] Got 1 sessions for ...
2026-06-28 20:04:30.752 [info] Getting sessions for all scopes...
2026-06-28 20:04:30.752 [info] Got 1 sessions for ...
2026-06-28 20:04:30.753 [info] Getting sessions for all scopes...
2026-06-28 20:04:30.753 [info] Got 1 sessions for ...
2026-06-28 20:04:43.941 [info] Getting sessions for all scopes...
2026-06-28 20:04:43.941 [info] Got 1 sessions for ...
2026-06-28 20:04:43.945 [info] Getting sessions for all scopes...
2026-06-28 20:04:43.945 [info] Got 1 sessions for ...
2026-06-28 20:04:53.424 [info] Getting sessions for all scopes...
2026-06-28 20:04:53.424 [info] Got 1 sessions for ...
2026-06-28 20:04:53.442 [info] Getting sessions for all scopes...
2026-06-28 20:04:53.442 [info] Got 1 sessions for ...
2026-06-28 20:05:06.516 [info] Getting sessions for all scopes...
2026-06-28 20:05:06.516 [info] Got 1 sessions for ...
2026-06-28 20:05:06.535 [info] Getting sessions for all scopes...
2026-06-28 20:05:06.535 [info] Got 1 sessions for ...
2026-06-28 20:05:58.094 [info] Getting sessions for all scopes...
2026-06-28 20:05:58.094 [info] Got 1 sessions for ...
2026-06-28 20:05:58.095 [info] Getting sessions for all scopes...
2026-06-28 20:05:58.095 [info] Got 1 sessions for ...
2026-06-28 20:07:26.010 [info] Getting sessions for all scopes...
2026-06-28 20:07:26.010 [info] Got 1 sessions for ...
2026-06-28 20:07:26.035 [info] Getting sessions for all scopes...
2026-06-28 20:07:26.035 [info] Got 1 sessions for ...
2026-06-28 20:07:28.260 [info] Getting sessions for all scopes...
2026-06-28 20:07:28.260 [info] Got 1 sessions for ...
2026-06-28 20:07:28.260 [info] Getting sessions for all scopes...
2026-06-28 20:07:28.260 [info] Got 1 sessions for ...
2026-06-28 20:07:29.722 [info] Getting sessions for all scopes...
2026-06-28 20:07:29.722 [info] Got 1 sessions for ...
2026-06-28 20:07:29.722 [info] Getting sessions for all scopes...
2026-06-28 20:07:29.722 [info] Got 1 sessions for ...
2026-06-28 20:07:33.296 [info] Getting sessions for all scopes...
2026-06-28 20:07:33.296 [info] Got 1 sessions for ...
2026-06-28 20:07:33.296 [info] Getting sessions for all scopes...
2026-06-28 20:07:33.296 [info] Got 1 sessions for ...
2026-06-28 20:08:26.554 [info] Getting sessions for all scopes...
2026-06-28 20:08:26.554 [info] Got 1 sessions for ...
2026-06-28 20:08:26.556 [info] Getting sessions for all scopes...
2026-06-28 20:08:26.556 [info] Got 1 sessions for ...
2026-06-28 20:08:27.951 [info] Getting sessions for all scopes...
2026-06-28 20:08:27.951 [info] Got 1 sessions for ...
2026-06-28 20:08:27.952 [info] Getting sessions for all scopes...
2026-06-28 20:08:27.952 [info] Got 1 sessions for ...
2026-06-28 20:09:11.176 [info] Getting sessions for all scopes...
2026-06-28 20:09:11.176 [info] Got 1 sessions for ...
2026-06-28 20:09:11.176 [info] Getting sessions for all scopes...
2026-06-28 20:09:11.177 [info] Got 1 sessions for ...
2026-06-28 20:09:19.574 [info] Getting sessions for all scopes...
2026-06-28 20:09:19.574 [info] Got 1 sessions for ...
2026-06-28 20:09:19.575 [info] Getting sessions for all scopes...
2026-06-28 20:09:19.575 [info] Got 1 sessions for ...
2026-06-28 20:09:25.989 [info] Getting sessions for all scopes...
2026-06-28 20:09:25.989 [info] Got 1 sessions for ...
2026-06-28 20:09:25.990 [info] Getting sessions for all scopes...
2026-06-28 20:09:25.990 [info] Got 1 sessions for ...
2026-06-28 20:14:05.013 [info] Getting sessions for all scopes...
2026-06-28 20:14:05.013 [info] Got 1 sessions for ...
2026-06-28 20:14:05.015 [info] Getting sessions for read:user,repo,user:email,workflow...
2026-06-28 20:14:05.015 [info] Got 1 sessions for read:user,repo,user:email,workflow...
2026-06-28 20:14:05.740 [info] Getting sessions for all scopes...
2026-06-28 20:14:05.740 [info] Got 1 sessions for ...
2026-06-28 20:14:05.741 [info] Getting sessions for all scopes...
2026-06-28 20:14:05.741 [info] Got 1 sessions for ...
2026-06-28 20:14:05.743 [info] Getting sessions for read:user,repo,user:email,workflow...
2026-06-28 20:14:05.743 [info] Got 1 sessions for read:user,repo,user:email,workflow...
2026-06-28 20:20:20.071 [info] Getting sessions for all scopes...
2026-06-28 20:20:20.071 [info] Got 1 sessions for ...
2026-06-28 20:20:20.087 [info] Getting sessions for all scopes...
2026-06-28 20:20:20.087 [info] Got 1 sessions for ...
2026-06-28 20:20:20.743 [info] Getting sessions for all scopes...
2026-06-28 20:20:20.743 [info] Got 1 sessions for ...
2026-06-28 20:20:20.748 [info] Getting sessions for all scopes...
2026-06-28 20:20:20.748 [info] Got 1 sessions for ...
2026-06-28 21:09:34.421 [info] Getting sessions for all scopes...
2026-06-28 21:09:34.421 [info] Got 1 sessions for ...
2026-06-28 21:09:34.423 [info] Getting sessions for read:user,repo,user:email,workflow...
2026-06-28 21:09:34.423 [info] Got 1 sessions for read:user,repo,user:email,workflow...
2026-06-28 21:09:35.089 [info] Getting sessions for all scopes...
2026-06-28 21:09:35.089 [info] Got 1 sessions for ...
2026-06-28 21:09:35.089 [info] Getting sessions for all scopes...
2026-06-28 21:09:35.089 [info] Got 1 sessions for ...
2026-06-28 21:09:35.091 [info] Getting sessions for read:user,repo,user:email,workflow...
2026-06-28 21:09:35.091 [info] Got 1 sessions for read:user,repo,user:email,workflow...
2026-06-28 22:00:53.579 [info] Getting sessions for all scopes...
2026-06-28 22:00:53.580 [info] Got 1 sessions for ...
2026-06-28 22:00:53.580 [info] Getting sessions for all scopes...
2026-06-28 22:00:53.581 [info] Got 1 sessions for ...
2026-06-28 22:01:32.288 [info] Getting sessions for all scopes...
2026-06-28 22:01:32.288 [info] Got 1 sessions for ...
2026-06-28 22:01:32.302 [info] Getting sessions for all scopes...
2026-06-28 22:01:32.302 [info] Got 1 sessions for ...
2026-06-28 22:01:45.494 [info] Getting sessions for all scopes...
2026-06-28 22:01:45.494 [info] Got 1 sessions for ...
2026-06-28 22:01:45.498 [info] Getting sessions for all scopes...
2026-06-28 22:01:45.498 [info] Got 1 sessions for ...
2026-06-28 22:01:59.991 [info] Getting sessions for all scopes...
2026-06-28 22:01:59.991 [info] Got 1 sessions for ...
2026-06-28 22:02:00.005 [info] Getting sessions for all scopes...
2026-06-28 22:02:00.005 [info] Got 1 sessions for ...
2026-06-28 22:05:34.428 [info] Getting sessions for all scopes...
2026-06-28 22:05:34.428 [info] Got 1 sessions for ...
2026-06-28 22:05:34.429 [info] Getting sessions for read:user,repo,user:email,workflow...
2026-06-28 22:05:34.429 [info] Got 1 sessions for read:user,repo,user:email,workflow...
2026-06-28 22:05:35.123 [info] Getting sessions for all scopes...
2026-06-28 22:05:35.123 [info] Got 1 sessions for ...
2026-06-28 22:05:35.123 [info] Getting sessions for all scopes...
2026-06-28 22:05:35.123 [info] Got 1 sessions for ...
2026-06-28 22:05:35.128 [info] Getting sessions for read:user,repo,user:email,workflow...
2026-06-28 22:05:35.128 [info] Got 1 sessions for read:user,repo,user:email,workflow...
2026-06-28 22:28:16.364 [info] Getting sessions for all scopes...
2026-06-28 22:28:16.364 [info] Got 1 sessions for ...
2026-06-28 22:28:16.400 [info] Getting sessions for all scopes...
2026-06-28 22:28:16.400 [info] Got 1 sessions for ...
2026-06-28 22:28:17.891 [info] Getting sessions for all scopes...
2026-06-28 22:28:17.891 [info] Got 1 sessions for ...
2026-06-28 22:28:17.895 [info] Getting sessions for all scopes...
2026-06-28 22:28:17.895 [info] Got 1 sessions for ...
2026-06-28 22:28:18.910 [info] Getting sessions for all scopes...
2026-06-28 22:28:18.910 [info] Got 1 sessions for ...
2026-06-28 22:28:18.913 [info] Getting sessions for all scopes...
2026-06-28 22:28:18.913 [info] Got 1 sessions for ...
2026-06-28 22:29:10.974 [info] Getting sessions for all scopes...
2026-06-28 22:29:10.974 [info] Got 1 sessions for ...
2026-06-28 22:29:11.045 [info] Getting sessions for all scopes...
2026-06-28 22:29:11.045 [info] Got 1 sessions for ...
2026-06-28 22:29:13.301 [info] Getting sessions for all scopes...
2026-06-28 22:29:13.301 [info] Got 1 sessions for ...
2026-06-28 22:29:13.360 [info] Getting sessions for all scopes...
2026-06-28 22:29:13.360 [info] Got 1 sessions for ...
2026-06-28 22:31:59.188 [info] Getting sessions for all scopes...
2026-06-28 22:31:59.188 [info] Got 1 sessions for ...
2026-06-28 22:31:59.229 [info] Getting sessions for all scopes...
2026-06-28 22:31:59.230 [info] Got 1 sessions for ...
2026-06-28 22:36:25.743 [info] Getting sessions for all scopes...
2026-06-28 22:36:25.743 [info] Got 1 sessions for ...
2026-06-28 22:36:25.750 [info] Getting sessions for all scopes...
2026-06-28 22:36:25.750 [info] Got 1 sessions for ...
2026-06-28 22:36:36.475 [info] Getting sessions for all scopes...
2026-06-28 22:36:36.475 [info] Got 1 sessions for ...
2026-06-28 22:36:36.476 [info] Getting sessions for all scopes...
2026-06-28 22:36:36.476 [info] Got 1 sessions for ...
2026-06-28 22:36:50.583 [info] Getting sessions for all scopes...
2026-06-28 22:36:50.583 [info] Got 1 sessions for ...
2026-06-28 22:36:50.601 [info] Getting sessions for all scopes...
2026-06-28 22:36:50.601 [info] Got 1 sessions for ...
2026-06-28 22:37:05.415 [info] Getting sessions for all scopes...
2026-06-28 22:37:05.415 [info] Got 1 sessions for ...
2026-06-28 22:37:05.471 [info] Getting sessions for all scopes...
2026-06-28 22:37:05.471 [info] Got 1 sessions for ...
2026-06-28 22:37:06.923 [info] Getting sessions for all scopes...
2026-06-28 22:37:06.923 [info] Got 1 sessions for ...
2026-06-28 22:37:06.936 [info] Getting sessions for all scopes...
2026-06-28 22:37:06.936 [info] Got 1 sessions for ...
2026-06-28 22:37:41.410 [info] Getting sessions for all scopes...
2026-06-28 22:37:41.410 [info] Got 1 sessions for ...
2026-06-28 22:37:41.411 [info] Getting sessions for all scopes...
2026-06-28 22:37:41.411 [info] Got 1 sessions for ...
2026-06-28 22:37:51.071 [info] Getting sessions for all scopes...
2026-06-28 22:37:51.072 [info] Got 1 sessions for ...
2026-06-28 22:37:51.073 [info] Getting sessions for all scopes...
2026-06-28 22:37:51.073 [info] Got 1 sessions for ...
2026-06-28 22:38:22.819 [info] Getting sessions for all scopes...
2026-06-28 22:38:22.819 [info] Got 1 sessions for ...
2026-06-28 22:38:22.826 [info] Getting sessions for read:user,repo,user:email,workflow...
2026-06-28 22:38:22.826 [info] Got 1 sessions for read:user,repo,user:email,workflow...
2026-06-28 22:38:23.521 [info] Getting sessions for all scopes...
2026-06-28 22:38:23.521 [info] Got 1 sessions for ...
2026-06-28 22:38:23.521 [info] Getting sessions for all scopes...
2026-06-28 22:38:23.522 [info] Got 1 sessions for ...
2026-06-28 22:38:23.577 [info] Getting sessions for read:user,repo,user:email,workflow...
2026-06-28 22:38:23.577 [info] Got 1 sessions for read:user,repo,user:email,workflow...
2026-06-28 22:41:43.852 [info] Getting sessions for all scopes...
2026-06-28 22:41:43.852 [info] Got 1 sessions for ...
2026-06-28 22:41:43.865 [info] Getting sessions for all scopes...
2026-06-28 22:41:43.865 [info] Got 1 sessions for ...
2026-06-28 22:42:36.357 [info] Getting sessions for all scopes...
2026-06-28 22:42:36.357 [info] Got 1 sessions for ...
2026-06-28 22:42:36.476 [info] Getting sessions for all scopes...
2026-06-28 22:42:36.476 [info] Got 1 sessions for ...
2026-06-28 22:44:02.733 [info] Getting sessions for all scopes...
2026-06-28 22:44:02.733 [info] Got 1 sessions for ...
2026-06-28 22:44:02.810 [info] Getting sessions for all scopes...
2026-06-28 22:44:02.810 [info] Got 1 sessions for ...
2026-06-28 22:44:04.152 [info] Getting sessions for all scopes...
2026-06-28 22:44:04.152 [info] Got 1 sessions for ...
2026-06-28 22:44:04.157 [info] Getting sessions for all scopes...
2026-06-28 22:44:04.157 [info] Got 1 sessions for ...
2026-06-28 22:44:25.785 [info] Getting sessions for all scopes...
2026-06-28 22:44:25.785 [info] Got 1 sessions for ...
2026-06-28 22:44:25.806 [info] Getting sessions for all scopes...
2026-06-28 22:44:25.806 [info] Got 1 sessions for ...
2026-06-28 22:46:07.985 [info] Getting sessions for all scopes...
2026-06-28 22:46:07.986 [info] Got 1 sessions for ...
2026-06-28 22:46:07.988 [info] Getting sessions for all scopes...
2026-06-28 22:46:07.988 [info] Got 1 sessions for ...
2026-06-28 22:47:43.441 [info] Getting sessions for all scopes...
2026-06-28 22:47:43.441 [info] Got 1 sessions for ...
2026-06-28 22:47:43.486 [info] Getting sessions for all scopes...
2026-06-28 22:47:43.486 [info] Got 1 sessions for ...
2026-06-28 22:54:56.946 [info] Getting sessions for all scopes...
2026-06-28 22:54:56.946 [info] Got 1 sessions for ...
2026-06-28 22:54:56.948 [info] Getting sessions for all scopes...
2026-06-28 22:54:56.948 [info] Got 1 sessions for ...
2026-06-28 22:55:11.515 [info] Getting sessions for all scopes...
2026-06-28 22:55:11.515 [info] Got 1 sessions for ...
2026-06-28 22:55:11.518 [info] Getting sessions for all scopes...
2026-06-28 22:55:11.518 [info] Got 1 sessions for ...
2026-06-28 22:56:01.665 [info] Getting sessions for all scopes...
2026-06-28 22:56:01.665 [info] Got 1 sessions for ...
2026-06-28 22:56:01.677 [info] Getting sessions for all scopes...
2026-06-28 22:56:01.677 [info] Got 1 sessions for ...
2026-06-28 22:58:13.095 [info] Getting sessions for all scopes...
2026-06-28 22:58:13.095 [info] Got 1 sessions for ...
2026-06-28 22:58:13.155 [info] Getting sessions for all scopes...
2026-06-28 22:58:13.155 [info] Got 1 sessions for ...
2026-06-28 22:58:13.509 [info] Getting sessions for all scopes...
2026-06-28 22:58:13.509 [info] Got 1 sessions for ...
2026-06-28 22:58:13.536 [info] Getting sessions for all scopes...
2026-06-28 22:58:13.537 [info] Got 1 sessions for ...
2026-06-28 22:59:24.473 [info] Getting sessions for all scopes...
2026-06-28 22:59:24.473 [info] Got 1 sessions for ...
2026-06-28 22:59:24.482 [info] Getting sessions for read:user,repo,user:email,workflow...
2026-06-28 22:59:24.482 [info] Got 1 sessions for read:user,repo,user:email,workflow...
2026-06-28 22:59:25.067 [info] Getting sessions for all scopes...
2026-06-28 22:59:25.067 [info] Got 1 sessions for ...
2026-06-28 22:59:25.067 [info] Getting sessions for all scopes...
2026-06-28 22:59:25.067 [info] Got 1 sessions for ...
2026-06-28 22:59:25.072 [info] Getting sessions for read:user,repo,user:email,workflow...
2026-06-28 22:59:25.072 [info] Got 1 sessions for read:user,repo,user:email,workflow...
2026-06-28 22:59:26.991 [info] Getting sessions for all scopes...
2026-06-28 22:59:26.991 [info] Got 1 sessions for ...
2026-06-28 22:59:27.016 [info] Getting sessions for read:user,repo,user:email,workflow...
2026-06-28 22:59:27.016 [info] Got 1 sessions for read:user,repo,user:email,workflow...
2026-06-28 23:00:20.801 [info] Getting sessions for all scopes...
2026-06-28 23:00:20.801 [info] Got 1 sessions for ...
2026-06-28 23:00:20.801 [info] Getting sessions for all scopes...
2026-06-28 23:00:20.801 [info] Got 1 sessions for ...
2026-06-28 23:00:21.229 [info] Getting sessions for all scopes...
2026-06-28 23:00:21.229 [info] Got 1 sessions for ...
2026-06-28 23:00:21.230 [info] Getting sessions for all scopes...
2026-06-28 23:00:21.230 [info] Got 1 sessions for ...
2026-06-28 23:00:22.012 [info] Getting sessions for all scopes...
2026-06-28 23:00:22.012 [info] Got 1 sessions for ...
2026-06-28 23:00:22.019 [info] Getting sessions for all scopes...
2026-06-28 23:00:22.019 [info] Got 1 sessions for ...
2026-06-28 23:07:19.529 [info] Getting sessions for all scopes...
2026-06-28 23:07:19.529 [info] Got 1 sessions for ...
2026-06-28 23:07:19.536 [info] Getting sessions for all scopes...
2026-06-28 23:07:19.536 [info] Got 1 sessions for ...
2026-06-28 23:07:50.902 [info] Getting sessions for all scopes...
2026-06-28 23:07:50.902 [info] Got 1 sessions for ...
2026-06-28 23:07:50.940 [info] Getting sessions for all scopes...
2026-06-28 23:07:50.940 [info] Got 1 sessions for ...
2026-06-28 23:08:56.755 [info] Getting sessions for all scopes...
2026-06-28 23:08:56.755 [info] Got 1 sessions for ...
2026-06-28 23:08:56.756 [info] Getting sessions for all scopes...
2026-06-28 23:08:56.756 [info] Got 1 sessions for ...
2026-06-28 23:09:01.905 [info] Getting sessions for all scopes...
2026-06-28 23:09:01.906 [info] Got 1 sessions for ...
2026-06-28 23:09:01.908 [info] Getting sessions for all scopes...
2026-06-28 23:09:01.908 [info] Got 1 sessions for ...
2026-06-28 23:09:03.385 [info] Getting sessions for all scopes...
2026-06-28 23:09:03.385 [info] Got 1 sessions for ...
2026-06-28 23:09:03.388 [info] Getting sessions for all scopes...
2026-06-28 23:09:03.388 [info] Got 1 sessions for ...
2026-06-28 23:09:05.757 [info] Getting sessions for all scopes...
2026-06-28 23:09:05.757 [info] Got 1 sessions for ...
2026-06-28 23:09:05.758 [info] Getting sessions for all scopes...
2026-06-28 23:09:05.758 [info] Got 1 sessions for ...
2026-06-28 23:09:32.423 [info] Getting sessions for all scopes...
2026-06-28 23:09:32.423 [info] Got 1 sessions for ...
2026-06-28 23:09:32.427 [info] Getting sessions for all scopes...
2026-06-28 23:09:32.427 [info] Got 1 sessions for ...
2026-06-28 23:09:39.925 [info] Getting sessions for all scopes...
2026-06-28 23:09:39.925 [info] Got 1 sessions for ...
2026-06-28 23:09:39.935 [info] Getting sessions for all scopes...
2026-06-28 23:09:39.935 [info] Got 1 sessions for ...
2026-06-28 23:09:40.137 [info] Getting sessions for all scopes...
2026-06-28 23:09:40.137 [info] Got 1 sessions for ...
2026-06-28 23:09:40.137 [info] Getting sessions for all scopes...
2026-06-28 23:09:40.137 [info] Got 1 sessions for ...
